'ID';'order id';'changed at';'CLIENT';'reg number of car';'rented at';'returned at';'STATUS';'TOTAL';'NOTE';'V_USER'
5068;4508;'24.11.23 11:18:04';'5628434739';'PEFRVAJXQN';'25.10.23 13:36:43';'27.10.23 01:41:10';'returned';1219,88;'client returned a car.';'ANOTH'
5042;4508;'24.11.23 11:18:04';'5628434739';'PEFRVAJXQN';'25.10.23 13:36:43';'27.10.23 01:41:10';'rented';1219,88;'order was created.';'ANOTH'
5045;4509;'24.11.23 11:18:04';'2051154297';'JTPWNEX6NA';'25.10.23 16:11:27';'26.10.23 22:52:57';'returned';1316,36;'client returned a car.';'ANOTH'
5043;4509;'24.11.23 11:18:04';'2051154297';'JTPWNEX6NA';'25.10.23 16:11:27';'26.10.23 22:52:57';'rented';1316,36;'order was created.';'ANOTH'
5052;4510;'24.11.23 11:18:04';'6440288173';'XTWKDWIOYS';'25.10.23 17:59:27';'01.11.23 14:29:57';'returned';13102,34;'client returned a car.';'ANOTH'
5044;4510;'24.11.23 11:18:04';'6440288173';'XTWKDWIOYS';'25.10.23 17:59:27';'01.11.23 14:29:57';'rented';13102,34;'order was created.';'ANOTH'
5102;4511;'24.11.23 11:18:04';'1738598583';'CEN248R1KF';'25.10.23 21:43:12';'29.10.23 06:21:44';'returned';7939,62;'client returned a car.';'ANOTH'
5046;4511;'24.11.23 11:18:04';'1738598583';'CEN248R1KF';'25.10.23 21:43:12';'29.10.23 06:21:44';'rented';7939,62;'order was created.';'ANOTH'
5152;4512;'24.11.23 11:18:04';'2161162904';'B2J3ID7WIW';'26.10.23 00:02:50';'01.11.23 01:28:42';'returned';8865,66;'client returned a car.';'ANOTH'
5101;4512;'24.11.23 11:18:04';'2161162904';'B2J3ID7WIW';'26.10.23 00:02:50';'31.10.23 01:28:42';'rented';7402,59;'client renewed a car.';'ANOTH'
5106;4512;'24.11.23 11:18:04';'2161162904';'B2J3ID7WIW';'26.10.23 00:02:50';'01.11.23 01:28:42';'rented';8865,66;'client renewed a car.';'ANOTH'
5047;4512;'24.11.23 11:18:04';'2161162904';'B2J3ID7WIW';'26.10.23 00:02:50';'30.10.23 01:28:42';'rented';5939,52;'order was created.';'ANOTH'
5099;4513;'24.11.23 11:18:04';'7901136300';'2S57OLA03Y';'26.10.23 01:15:21';'29.10.23 02:01:02';'returned';2893,47;'client returned a car.';'ANOTH'
5048;4513;'24.11.23 11:18:04';'7901136300';'2S57OLA03Y';'26.10.23 01:15:21';'29.10.23 02:01:02';'rented';2893,47;'order was created.';'ANOTH'
5157;4514;'24.11.23 11:18:04';'8041187895';'5KMHAO3EL5';'26.10.23 02:54:55';'01.11.23 06:41:23';'returned';18262,16;'client returned a car.';'ANOTH'
5049;4514;'24.11.23 11:18:04';'8041187895';'5KMHAO3EL5';'26.10.23 02:54:55';'01.11.23 06:41:23';'rented';18262,16;'order was created.';'ANOTH'
5111;4515;'24.11.23 11:18:04';'3008101075';'UGNLKSX2N9';'26.10.23 03:39:42';'31.10.23 17:02:14';'rented';10051,74;'client renewed a car.';'ANOTH'
5188;4515;'24.11.23 11:18:04';'3008101075';'UGNLKSX2N9';'26.10.23 03:39:42';'02.11.23 17:02:14';'returned';13669,22;'client returned a car.';'ANOTH'
5050;4515;'24.11.23 11:18:04';'3008101075';'UGNLKSX2N9';'26.10.23 03:39:42';'30.10.23 17:02:14';'rented';8243;'order was created.';'ANOTH'
5117;4515;'24.11.23 11:18:04';'3008101075';'UGNLKSX2N9';'26.10.23 03:39:42';'01.11.23 17:02:14';'rented';11860,48;'client renewed a car.';'ANOTH'
5123;4515;'24.11.23 11:18:04';'3008101075';'UGNLKSX2N9';'26.10.23 03:39:42';'02.11.23 17:02:14';'rented';13669,22;'client renewed a car.';'ANOTH'
5051;4516;'24.11.23 11:18:04';'5943253499';'C7SJN6DPK2';'26.10.23 05:25:25';'30.10.23 10:17:34';'rented';7344,88;'order was created.';'ANOTH'
5121;4516;'24.11.23 11:18:04';'5943253499';'C7SJN6DPK2';'26.10.23 05:25:25';'30.10.23 10:17:34';'returned';7344,88;'client returned a car.';'ANOTH'
5053;4517;'24.11.23 11:18:04';'2593304943';'26SHL8JTK8';'26.10.23 10:11:11';'01.11.23 09:40:14';'rented';7170,74;'order was created.';'ANOTH'
5074;4517;'24.11.23 11:18:04';'2593304943';'AQ0PQ2DBUO';'26.10.23 10:11:11';'01.11.23 09:40:14';'rented';14390,48;'client changed a car.';'ANOTH'
5160;4517;'24.11.23 11:18:04';'2593304943';'AQ0PQ2DBUO';'26.10.23 10:11:11';'01.11.23 09:40:14';'returned';14390,48;'client returned a car.';'ANOTH'
5184;4518;'24.11.23 11:18:04';'5101582109';'9640XOEI93';'26.10.23 12:45:03';'02.11.23 12:01:46';'returned';14199,1;'client returned a car.';'ANOTH'
5054;4518;'24.11.23 11:18:04';'5101582109';'9640XOEI93';'26.10.23 12:45:03';'02.11.23 12:01:46';'rented';14199,1;'order was created.';'ANOTH'
5131;4519;'24.11.23 11:18:04';'9690628228';'BOZ56GTDLR';'26.10.23 13:08:43';'31.10.23 00:11:10';'returned';9125,8;'client returned a car.';'ANOTH'
5063;4519;'24.11.23 11:18:04';'9690628228';'BOZ56GTDLR';'26.10.23 13:08:43';'31.10.23 00:11:10';'rented';9125,8;'client renewed a car.';'ANOTH'
5055;4519;'24.11.23 11:18:04';'9690628228';'BOZ56GTDLR';'26.10.23 13:08:43';'30.10.23 00:11:10';'rented';7079,67;'order was created.';'ANOTH'
5156;4520;'24.11.23 11:18:04';'2732293253';'QZAA1V0520';'26.10.23 15:13:44';'02.11.23 06:47:17';'rented';15021,77;'client renewed a car.';'ANOTH'
5056;4520;'24.11.23 11:18:04';'2732293253';'QZAA1V0520';'26.10.23 15:13:44';'01.11.23 06:47:17';'rented';12762,28;'order was created.';'ANOTH'
5179;4520;'24.11.23 11:18:04';'2732293253';'QZAA1V0520';'26.10.23 15:13:44';'02.11.23 06:47:17';'returned';15021,77;'client returned a car.';'ANOTH'
5094;4521;'24.11.23 11:18:04';'1368514808';'XOHQKBLE1O';'26.10.23 15:36:25';'02.11.23 05:30:25';'rented';17224,59;'client renewed a car.';'ANOTH'
5057;4521;'24.11.23 11:18:04';'1368514808';'XOHQKBLE1O';'26.10.23 15:36:25';'01.11.23 05:30:25';'rented';14606,54;'order was created.';'ANOTH'
5164;4521;'24.11.23 11:18:04';'1368514808';'XOHQKBLE1O';'26.10.23 15:36:25';'03.11.23 05:30:25';'rented';19842,64;'client renewed a car.';'ANOTH'
5171;4521;'24.11.23 11:18:04';'1368514808';'XOHQKBLE1O';'26.10.23 15:36:25';'03.11.23 05:30:25';'returned';19842,64;'client returned a car.';'ANOTH'
5092;4522;'24.11.23 11:18:04';'2778480879';'CONZKRWM9F';'26.10.23 15:46:41';'01.11.23 22:56:27';'returned';13176,86;'client returned a car.';'ANOTH'
5058;4522;'24.11.23 11:18:04';'2778480879';'9E0XO1CD3C';'26.10.23 15:46:41';'31.10.23 22:56:27';'rented';4252,37;'order was created.';'ANOTH'
5060;4522;'24.11.23 11:18:04';'2778480879';'CONZKRWM9F';'26.10.23 15:46:41';'31.10.23 22:56:27';'rented';11064,33;'client changed a car.';'ANOTH'
5091;4522;'24.11.23 11:18:04';'2778480879';'CONZKRWM9F';'26.10.23 15:46:41';'01.11.23 22:56:27';'rented';13176,86;'client renewed a car.';'ANOTH'
5059;4523;'24.11.23 11:18:04';'2148375822';'DJQ5UJMJAF';'26.10.23 17:34:08';'31.10.23 07:56:43';'rented';6729,78;'order was created.';'ANOTH'
5087;4523;'24.11.23 11:18:04';'2148375822';'DJQ5UJMJAF';'26.10.23 17:34:08';'31.10.23 07:56:43';'returned';6729,78;'client returned a car.';'ANOTH'
5061;4524;'24.11.23 11:18:04';'7846818259';'V5SW80UEXC';'26.10.23 18:39:26';'30.10.23 04:55:06';'rented';9259,92;'order was created.';'ANOTH'
5116;4524;'24.11.23 11:18:04';'7846818259';'V5SW80UEXC';'26.10.23 18:39:26';'30.10.23 04:55:06';'returned';9259,92;'client returned a car.';'ANOTH'
5062;4525;'24.11.23 11:18:04';'5217740412';'41M9WECI3N';'26.10.23 19:38:08';'29.10.23 21:32:42';'rented';3569,67;'order was created.';'ANOTH'
5112;4525;'24.11.23 11:18:04';'5217740412';'41M9WECI3N';'26.10.23 19:38:08';'29.10.23 21:32:42';'returned';3569,67;'client returned a car.';'ANOTH'
5172;4526;'24.11.23 11:18:04';'3885537011';'GQE85X2HNR';'27.10.23 00:16:00';'01.11.23 23:14:20';'returned';5287,05;'client returned a car.';'ANOTH'
5064;4526;'24.11.23 11:18:04';'3885537011';'GQE85X2HNR';'27.10.23 00:16:00';'31.10.23 23:14:20';'rented';4399,54;'order was created.';'ANOTH'
5093;4526;'24.11.23 11:18:04';'3885537011';'GQE85X2HNR';'27.10.23 00:16:00';'01.11.23 23:14:20';'rented';5287,05;'client renewed a car.';'ANOTH'
5065;4527;'24.11.23 11:18:04';'8843163468';'TU7NA1K2VC';'27.10.23 00:56:21';'02.11.23 07:07:31';'rented';15777,75;'order was created.';'ANOTH'
5105;4527;'24.11.23 11:18:04';'8843163468';'TU7NA1K2VC';'27.10.23 00:56:21';'02.11.23 07:07:31';'returned';15777,75;'client returned a car.';'ANOTH'
5070;4528;'24.11.23 11:18:04';'5671279028';'GCGMKJZO1V';'27.10.23 01:16:03';'31.10.23 07:27:35';'returned';10300,35;'client returned a car.';'ANOTH'
5066;4528;'24.11.23 11:18:04';'5671279028';'GCGMKJZO1V';'27.10.23 01:16:03';'31.10.23 07:27:35';'rented';10300,35;'order was created.';'ANOTH'
5086;4529;'24.11.23 11:18:04';'5401346885';'AX5HNZZBCY';'27.10.23 03:12:22';'28.10.23 05:47:00';'returned';2082,87;'client returned a car.';'ANOTH'
5083;4529;'24.11.23 11:18:04';'5401346885';'AX5HNZZBCY';'27.10.23 03:12:22';'28.10.23 05:47:00';'rented';2082,87;'client changed a car.';'ANOTH'
5067;4529;'24.11.23 11:18:04';'5401346885';'WTAAPUTANR';'27.10.23 03:12:22';'28.10.23 05:47:00';'rented';2043,3;'order was created.';'ANOTH'
5069;4530;'24.11.23 11:18:04';'8487687028';'WZ36IWB3P5';'27.10.23 05:44:19';'30.10.23 01:50:17';'rented';6681,51;'order was created.';'ANOTH'
5077;4530;'24.11.23 11:18:04';'8487687028';'WZ36IWB3P5';'27.10.23 05:44:19';'30.10.23 01:50:17';'returned';6681,51;'client returned a car.';'ANOTH'
5071;4531;'24.11.23 11:18:04';'4006276480';'DDZW79R7R7';'27.10.23 07:32:24';'30.10.23 19:32:36';'rented';3892,05;'order was created.';'ANOTH'
5125;4531;'24.11.23 11:18:04';'4006276480';'DDZW79R7R7';'27.10.23 07:32:24';'30.10.23 19:32:36';'returned';3892,05;'client returned a car.';'ANOTH'
5247;4532;'24.11.23 11:18:04';'1152069998';'5GWT9JZDLW';'27.10.23 10:08:41';'05.11.23 07:17:58';'returned';15385,92;'client returned a car.';'ANOTH'
5154;4532;'24.11.23 11:18:04';'1152069998';'5GWT9JZDLW';'27.10.23 10:08:41';'05.11.23 07:17:58';'rented';15385,92;'client changed a car.';'ANOTH'
5135;4532;'24.11.23 11:18:04';'1152069998';'JTPWNEX6NA';'27.10.23 10:08:41';'05.11.23 07:17:58';'rented';9142,21;'client renewed a car.';'ANOTH'
5150;4532;'24.11.23 11:18:04';'1152069998';'1CKXD99MZO';'27.10.23 10:08:41';'05.11.23 07:17:58';'rented';11910,28;'client changed a car.';'ANOTH'
5114;4532;'24.11.23 11:18:04';'1152069998';'JTPWNEX6NA';'27.10.23 10:08:41';'04.11.23 07:17:58';'rented';8112,85;'client renewed a car.';'ANOTH'
5072;4532;'24.11.23 11:18:04';'1152069998';'JTPWNEX6NA';'27.10.23 10:08:41';'03.11.23 07:17:58';'rented';7083,49;'order was created.';'ANOTH'
5210;4533;'24.11.23 11:18:04';'6828420021';'GMN3JSMBYN';'27.10.23 12:39:06';'03.11.23 22:04:26';'returned';13517,88;'client returned a car.';'ANOTH'
5192;4533;'24.11.23 11:18:04';'6828420021';'GMN3JSMBYN';'27.10.23 12:39:06';'03.11.23 22:04:26';'rented';13517,88;'client renewed a car.';'ANOTH'
5107;4533;'24.11.23 11:18:04';'6828420021';'GMN3JSMBYN';'27.10.23 12:39:06';'02.11.23 22:04:26';'rented';11689,31;'client renewed a car.';'ANOTH'
5073;4533;'24.11.23 11:18:04';'6828420021';'GMN3JSMBYN';'27.10.23 12:39:06';'01.11.23 22:04:26';'rented';9860,74;'order was created.';'ANOTH'
5075;4534;'24.11.23 11:18:04';'7791719572';'6GVM51DP35';'27.10.23 15:03:03';'02.11.23 18:24:16';'rented';16758,27;'order was created.';'ANOTH'
5191;4534;'24.11.23 11:18:04';'7791719572';'6GVM51DP35';'27.10.23 15:03:03';'02.11.23 18:24:16';'returned';16758,27;'client returned a car.';'ANOTH'
5175;4535;'24.11.23 11:18:04';'1221052903';'W7VN003WB9';'27.10.23 17:43:22';'02.11.23 03:12:09';'returned';7310;'client returned a car.';'ANOTH'
5076;4535;'24.11.23 11:18:04';'1221052903';'W7VN003WB9';'27.10.23 17:43:22';'02.11.23 03:12:09';'rented';7310;'order was created.';'ANOTH'
5189;4536;'24.11.23 11:18:04';'8487687028';'JNBRPW7X8F';'27.10.23 22:41:17';'02.11.23 16:09:30';'returned';12093,05;'client returned a car.';'ANOTH'
5090;4536;'24.11.23 11:18:04';'8487687028';'JNBRPW7X8F';'27.10.23 22:41:17';'02.11.23 16:09:30';'rented';12093,05;'client changed a car.';'ANOTH'
5078;4536;'24.11.23 11:18:04';'8487687028';'GCGMKJZO1V';'27.10.23 22:41:17';'02.11.23 16:09:30';'rented';13856,14;'order was created.';'ANOTH'
5079;4537;'24.11.23 11:18:04';'7675919362';'IMQC9WDZFA';'28.10.23 01:16:29';'31.10.23 07:48:39';'rented';8001,17;'order was created.';'ANOTH'
5129;4537;'24.11.23 11:18:04';'7675919362';'IMQC9WDZFA';'28.10.23 01:16:29';'31.10.23 07:48:39';'returned';8001,17;'client returned a car.';'ANOTH'
5080;4538;'24.11.23 11:18:04';'2051154297';'D3B88KL4Z9';'28.10.23 02:09:27';'30.10.23 19:05:57';'rented';4723,85;'order was created.';'ANOTH'
5126;4538;'24.11.23 11:18:04';'2051154297';'D3B88KL4Z9';'28.10.23 02:09:27';'30.10.23 19:05:57';'returned';4723,85;'client returned a car.';'ANOTH'
5163;4539;'24.11.23 11:18:04';'2777081145';'VW1PG20WOG';'28.10.23 02:37:53';'01.11.23 11:31:47';'returned';5365,59;'client returned a car.';'ANOTH'
5081;4539;'24.11.23 11:18:04';'2777081145';'VW1PG20WOG';'28.10.23 02:37:53';'01.11.23 11:31:47';'rented';5365,59;'order was created.';'ANOTH'
5144;4540;'24.11.23 11:18:04';'7170394449';'YAX9FVDJCF';'28.10.23 03:30:27';'31.10.23 16:12:19';'returned';6839,5;'client returned a car.';'ANOTH'
5082;4540;'24.11.23 11:18:04';'7170394449';'YAX9FVDJCF';'28.10.23 03:30:27';'31.10.23 16:12:19';'rented';6839,5;'order was created.';'ANOTH'
5084;4541;'24.11.23 11:18:04';'7423278445';'YUW6U6UH1F';'28.10.23 04:06:19';'30.10.23 18:07:20';'rented';2607,68;'order was created.';'ANOTH'
5113;4541;'24.11.23 11:18:04';'7423278445';'9E0XO1CD3C';'28.10.23 04:06:19';'30.10.23 18:07:20';'returned';2251,16;'client returned a car.';'ANOTH'
5096;4541;'24.11.23 11:18:04';'7423278445';'9E0XO1CD3C';'28.10.23 04:06:19';'30.10.23 18:07:20';'rented';2251,16;'client changed a car.';'ANOTH'
5085;4542;'24.11.23 11:18:04';'4908697342';'4YYFVI2R9B';'28.10.23 06:12:41';'01.11.23 01:53:02';'rented';3798,53;'order was created.';'ANOTH'
5153;4542;'24.11.23 11:18:04';'4908697342';'4YYFVI2R9B';'28.10.23 06:12:41';'01.11.23 01:53:02';'returned';3798,53;'client returned a car.';'ANOTH'
5132;4543;'24.11.23 11:18:04';'2319736127';'COLWNVEA2G';'28.10.23 10:19:19';'31.10.23 00:21:39';'returned';5771,28;'client returned a car.';'ANOTH'
5088;4543;'24.11.23 11:18:04';'2319736127';'COLWNVEA2G';'28.10.23 10:19:19';'31.10.23 00:21:39';'rented';5771,28;'order was created.';'ANOTH'
5139;4544;'24.11.23 11:18:04';'9534244544';'QACEM7U8ZP';'28.10.23 13:19:13';'03.11.23 07:10:20';'rented';16984,86;'client renewed a car.';'ANOTH'
5089;4544;'24.11.23 11:18:04';'9534244544';'QACEM7U8ZP';'28.10.23 13:19:13';'02.11.23 07:10:20';'rented';14027,8;'order was created.';'ANOTH'
5169;4544;'24.11.23 11:18:04';'9534244544';'QACEM7U8ZP';'28.10.23 13:19:13';'03.11.23 07:10:20';'returned';16984,86;'client returned a car.';'ANOTH'
5095;4545;'24.11.23 11:18:04';'2698738321';'5HT6B4682R';'28.10.23 23:39:52';'31.10.23 11:52:41';'rented';4899,59;'order was created.';'ANOTH'
5097;4545;'24.11.23 11:18:04';'2698738321';'5HT6B4682R';'28.10.23 23:39:52';'31.10.23 11:52:41';'returned';4899,59;'client returned a car.';'ANOTH'
5098;4546;'24.11.23 11:18:04';'2293028260';'IXZ2GTP78X';'29.10.23 04:15:34';'01.11.23 06:31:06';'rented';3063,18;'order was created.';'ANOTH'
5128;4546;'24.11.23 11:18:04';'2293028260';'IXZ2GTP78X';'29.10.23 04:15:34';'01.11.23 06:31:06';'returned';3063,18;'client returned a car.';'ANOTH'
5100;4547;'24.11.23 11:18:04';'2101861846';'YUW6U6UH1F';'29.10.23 05:45:19';'01.11.23 19:46:54';'rented';3617,23;'order was created.';'ANOTH'
5168;4547;'24.11.23 11:18:04';'2101861846';'YUW6U6UH1F';'29.10.23 05:45:19';'01.11.23 19:46:54';'returned';3617,23;'client returned a car.';'ANOTH'
5185;4548;'24.11.23 11:18:04';'8199243700';'CONZKRWM9F';'29.10.23 10:23:13';'02.11.23 12:05:01';'returned';10075,85;'client returned a car.';'ANOTH'
5103;4548;'24.11.23 11:18:04';'8199243700';'HALLI015C6';'29.10.23 10:23:13';'01.11.23 12:05:01';'rented';8009,86;'order was created.';'ANOTH'
5159;4548;'24.11.23 11:18:04';'8199243700';'CONZKRWM9F';'29.10.23 10:23:13';'02.11.23 12:05:01';'rented';10075,85;'client changed a car.';'ANOTH'
5140;4548;'24.11.23 11:18:04';'8199243700';'HALLI015C6';'29.10.23 10:23:13';'02.11.23 12:05:01';'rented';10618,35;'client renewed a car.';'ANOTH'
5124;4549;'24.11.23 11:18:04';'9701535882';'5GWT9JZDLW';'29.10.23 10:47:43';'31.10.23 19:23:06';'rented';5933,75;'client renewed a car.';'ANOTH'
5147;4549;'24.11.23 11:18:04';'9701535882';'5GWT9JZDLW';'29.10.23 10:47:43';'31.10.23 19:23:06';'returned';5933,75;'client returned a car.';'ANOTH'
5104;4549;'24.11.23 11:18:04';'9701535882';'5GWT9JZDLW';'29.10.23 10:47:43';'30.10.23 19:23:06';'rented';3417,21;'order was created.';'ANOTH'
5108;4550;'24.11.23 11:18:04';'1827969981';'FUWMKFQZJZ';'29.10.23 17:29:56';'04.11.23 15:23:11';'rented';15674,24;'order was created.';'ANOTH'
5229;4550;'24.11.23 11:18:04';'1827969981';'QZAA1V0520';'29.10.23 17:29:56';'04.11.23 15:23:11';'returned';11988,13;'client returned a car.';'ANOTH'
5214;4550;'24.11.23 11:18:04';'1827969981';'QZAA1V0520';'29.10.23 17:29:56';'04.11.23 15:23:11';'rented';11988,13;'client changed a car.';'ANOTH'
5149;4550;'24.11.23 11:18:04';'1827969981';'9ZBNZ3N6CK';'29.10.23 17:29:56';'04.11.23 15:23:11';'rented';11594,81;'client changed a car.';'ANOTH'
5158;4551;'24.11.23 11:18:04';'9854001674';'7EHB0IL2PQ';'29.10.23 18:22:10';'01.11.23 07:44:47';'returned';3198,71;'client returned a car.';'ANOTH'
5109;4551;'24.11.23 11:18:04';'9854001674';'7EHB0IL2PQ';'29.10.23 18:22:10';'01.11.23 07:44:47';'rented';3198,71;'order was created.';'ANOTH'
5167;4552;'24.11.23 11:18:04';'2015120198';'IMQC9WDZFA';'29.10.23 20:37:26';'05.11.23 12:53:43';'rented';15456,36;'client changed a car.';'ANOTH'
5256;4552;'24.11.23 11:18:04';'2015120198';'IMQC9WDZFA';'29.10.23 20:37:26';'05.11.23 12:53:43';'returned';15456,36;'client returned a car.';'ANOTH'
5110;4552;'24.11.23 11:18:04';'2015120198';'VZOB05VTF8';'29.10.23 20:37:26';'05.11.23 12:53:43';'rented';14374,47;'order was created.';'ANOTH'
5122;4553;'24.11.23 11:18:04';'1115322853';'QELYVZVYT0';'30.10.23 05:31:03';'03.11.23 10:23:11';'rented';8422,29;'client renewed a car.';'ANOTH'
5115;4553;'24.11.23 11:18:04';'1115322853';'QELYVZVYT0';'30.10.23 05:31:03';'02.11.23 10:23:11';'rented';6418,35;'order was created.';'ANOTH'
5202;4553;'24.11.23 11:18:04';'1115322853';'QELYVZVYT0';'30.10.23 05:31:03';'03.11.23 10:23:11';'returned';8422,29;'client returned a car.';'ANOTH'
5165;4554;'24.11.23 11:18:04';'8706691795';'2A9957I3CK';'30.10.23 06:29:11';'04.11.23 12:00:39';'returned';10407,9;'client returned a car.';'ANOTH'
5118;4554;'24.11.23 11:18:04';'8706691795';'2A9957I3CK';'30.10.23 06:29:11';'04.11.23 12:00:39';'rented';10407,9;'order was created.';'ANOTH'
5119;4555;'24.11.23 11:18:04';'8571109137';'DWRCTHKUWK';'30.10.23 09:18:27';'31.10.23 16:46:06';'rented';3494,02;'order was created.';'ANOTH'
5145;4555;'24.11.23 11:18:04';'8571109137';'DWRCTHKUWK';'30.10.23 09:18:27';'31.10.23 16:46:06';'returned';3494,02;'client returned a car.';'ANOTH'
5120;4556;'24.11.23 11:18:04';'3826269565';'54X1XLB8VT';'30.10.23 12:16:50';'05.11.23 17:22:22';'rented';10344,65;'order was created.';'ANOTH'
5266;4556;'24.11.23 11:18:04';'3826269565';'54X1XLB8VT';'30.10.23 12:16:50';'05.11.23 17:22:22';'returned';10344,65;'client returned a car.';'ANOTH'
5216;4557;'24.11.23 11:18:04';'7431416574';'9M0BGVZT23';'30.10.23 21:23:34';'04.11.23 11:13:41';'rented';13203,46;'client changed a car.';'ANOTH'
5223;4557;'24.11.23 11:18:04';'7431416574';'9M0BGVZT23';'30.10.23 21:23:34';'04.11.23 11:13:41';'returned';13203,46;'client returned a car.';'ANOTH'
5138;4557;'24.11.23 11:18:04';'7431416574';'QC4F332LNY';'30.10.23 21:23:34';'04.11.23 11:13:41';'rented';13607,23;'client renewed a car.';'ANOTH'
5127;4557;'24.11.23 11:18:04';'7431416574';'QC4F332LNY';'30.10.23 21:23:34';'03.11.23 11:13:41';'rented';10633,93;'order was created.';'ANOTH'
5213;4558;'24.11.23 11:18:04';'8177238241';'UD0I1N7XVC';'31.10.23 02:02:42';'03.11.23 23:48:48';'returned';7763,79;'client returned a car.';'ANOTH'
5130;4558;'24.11.23 11:18:04';'8177238241';'UD0I1N7XVC';'31.10.23 02:02:42';'03.11.23 23:48:48';'rented';7763,79;'order was created.';'ANOTH'
5198;4559;'24.11.23 11:18:04';'8475575954';'IUVENCG0Z4';'31.10.23 03:18:11';'03.11.23 03:57:33';'returned';7345,64;'client returned a car.';'ANOTH'
5133;4559;'24.11.23 11:18:04';'8475575954';'IUVENCG0Z4';'31.10.23 03:18:11';'03.11.23 03:57:33';'rented';7345,64;'order was created.';'ANOTH'
5224;4560;'24.11.23 11:18:04';'9392400407';'6IVJC5ER6J';'31.10.23 04:11:24';'04.11.23 11:30:25';'returned';12750,47;'client returned a car.';'ANOTH'
5134;4560;'24.11.23 11:18:04';'9392400407';'6IVJC5ER6J';'31.10.23 04:11:24';'04.11.23 11:30:25';'rented';12750,47;'order was created.';'ANOTH'
5136;4561;'24.11.23 11:18:04';'6203106062';'DJQ5UJMJAF';'31.10.23 08:45:04';'02.11.23 10:54:27';'rented';3058,09;'order was created.';'ANOTH'
5137;4561;'24.11.23 11:18:04';'6203106062';'DJQ5UJMJAF';'31.10.23 08:45:04';'02.11.23 10:54:27';'returned';3058,09;'client returned a car.';'ANOTH'
5141;4562;'24.11.23 11:18:04';'2319736127';'RI5LJDOAQ1';'31.10.23 14:32:31';'02.11.23 07:30:34';'rented';4518,57;'order was created.';'ANOTH'
5180;4562;'24.11.23 11:18:04';'2319736127';'RI5LJDOAQ1';'31.10.23 14:32:31';'02.11.23 07:30:34';'returned';4518,57;'client returned a car.';'ANOTH'
5264;4563;'24.11.23 11:18:04';'7248563181';'64KHAKX3AN';'31.10.23 15:17:46';'05.11.23 16:15:39';'returned';14125,69;'client returned a car.';'ANOTH'
5142;4563;'24.11.23 11:18:04';'7248563181';'64KHAKX3AN';'31.10.23 15:17:46';'04.11.23 16:15:39';'rented';11323,08;'order was created.';'ANOTH'
5221;4563;'24.11.23 11:18:04';'7248563181';'64KHAKX3AN';'31.10.23 15:17:46';'05.11.23 16:15:39';'rented';14125,69;'client renewed a car.';'ANOTH'
5143;4564;'24.11.23 11:18:04';'7423278445';'STGNFB5OAQ';'31.10.23 18:04:44';'02.11.23 03:03:50';'rented';3728,26;'order was created.';'ANOTH'
5176;4564;'24.11.23 11:18:04';'7423278445';'STGNFB5OAQ';'31.10.23 18:04:44';'02.11.23 03:03:50';'returned';3728,26;'client returned a car.';'ANOTH'
5246;4565;'24.11.23 11:18:04';'1771967212';'35WZ07A6HB';'31.10.23 20:56:29';'05.11.23 23:41:02';'returned';4104,05;'client returned a car.';'ANOTH'
5146;4565;'24.11.23 11:18:04';'1771967212';'35WZ07A6HB';'31.10.23 20:56:29';'05.11.23 23:41:02';'rented';4104,05;'order was created.';'ANOTH'
5260;4566;'24.11.23 11:18:04';'6440288173';'JTVGH36H7G';'31.10.23 21:52:47';'05.11.23 14:18:38';'returned';5163,81;'client returned a car.';'ANOTH'
5148;4566;'24.11.23 11:18:04';'6440288173';'JTVGH36H7G';'31.10.23 21:52:47';'05.11.23 14:18:38';'rented';5163,81;'order was created.';'ANOTH'
5151;4567;'24.11.23 11:18:04';'2698738321';'WTAAPUTANR';'01.11.23 02:39:00';'06.11.23 14:54:45';'rented';10168,55;'order was created.';'ANOTH'
5285;4567;'24.11.23 11:18:04';'2698738321';'WTAAPUTANR';'01.11.23 02:39:00';'06.11.23 14:54:45';'returned';10168,55;'client returned a car.';'ANOTH'
5241;4568;'24.11.23 11:18:04';'6203106062';'8NF6TD5TM7';'01.11.23 06:16:24';'05.11.23 11:01:26';'returned';9313,39;'client returned a car.';'ANOTH'
5155;4568;'24.11.23 11:18:04';'6203106062';'8NF6TD5TM7';'01.11.23 06:16:24';'05.11.23 11:01:26';'rented';9313,39;'order was created.';'ANOTH'
5161;4569;'24.11.23 11:18:04';'2593304943';'9E0XO1CD3C';'01.11.23 10:53:48';'04.11.23 08:02:25';'rented';2312,19;'order was created.';'ANOTH'
5219;4569;'24.11.23 11:18:04';'2593304943';'9E0XO1CD3C';'01.11.23 10:53:48';'04.11.23 08:02:25';'returned';2312,19;'client returned a car.';'ANOTH'
5220;4570;'24.11.23 11:18:04';'5628434739';'9ZBNZ3N6CK';'01.11.23 12:12:45';'05.11.23 07:00:04';'rented';6231,16;'client changed a car.';'ANOTH'
5162;4570;'24.11.23 11:18:04';'5628434739';'1CKXD99MZO';'01.11.23 12:12:45';'05.11.23 07:00:04';'rented';6350,78;'order was created.';'ANOTH'
5248;4570;'24.11.23 11:18:04';'5628434739';'9ZBNZ3N6CK';'01.11.23 12:12:45';'05.11.23 07:00:04';'returned';6231,16;'client returned a car.';'ANOTH'
5166;4571;'24.11.23 11:18:04';'9690628228';'ZD81Y0APUY';'01.11.23 17:34:33';'04.11.23 15:46:17';'rented';7339,67;'order was created.';'ANOTH'
5230;4571;'24.11.23 11:18:04';'9690628228';'ZD81Y0APUY';'01.11.23 17:34:33';'04.11.23 15:46:17';'returned';7339,67;'client returned a car.';'ANOTH'
5238;4572;'24.11.23 11:18:04';'9854001674';'QACEM7U8ZP';'01.11.23 22:20:50';'06.11.23 12:18:34';'rented';11613,63;'client changed a car.';'ANOTH'
5170;4572;'24.11.23 11:18:04';'9854001674';'AX5HNZZBCY';'01.11.23 22:20:50';'06.11.23 12:18:34';'rented';10691,02;'order was created.';'ANOTH'
5283;4572;'24.11.23 11:18:04';'9854001674';'QACEM7U8ZP';'01.11.23 22:20:50';'06.11.23 12:18:34';'returned';11613,63;'client returned a car.';'ANOTH'
5365;4573;'24.11.23 11:18:04';'2777081145';'L8OO5K9M6A';'02.11.23 02:51:18';'10.11.23 13:16:53';'returned';17900,9;'client returned a car.';'ANOTH'
5173;4573;'24.11.23 11:18:04';'2777081145';'L8OO5K9M6A';'02.11.23 02:51:18';'08.11.23 13:16:53';'rented';13656,18;'order was created.';'ANOTH'
5231;4573;'24.11.23 11:18:04';'2777081145';'L8OO5K9M6A';'02.11.23 02:51:18';'10.11.23 13:16:53';'rented';17900,9;'client renewed a car.';'ANOTH'
5228;4573;'24.11.23 11:18:04';'2777081145';'L8OO5K9M6A';'02.11.23 02:51:18';'09.11.23 13:16:53';'rented';15778,54;'client renewed a car.';'ANOTH'
5281;4574;'24.11.23 11:18:04';'2607339218';'2PZWA43HRW';'02.11.23 05:40:22';'08.11.23 19:02:08';'rented';8888,02;'client changed a car.';'ANOTH'
5174;4574;'24.11.23 11:18:04';'2607339218';'KAT4M0R932';'02.11.23 05:40:22';'07.11.23 19:02:08';'rented';7569,55;'order was created.';'ANOTH'
5255;4574;'24.11.23 11:18:04';'2607339218';'KAT4M0R932';'02.11.23 05:40:22';'08.11.23 19:02:08';'rented';8931,77;'client renewed a car.';'ANOTH'
5320;4574;'24.11.23 11:18:04';'2607339218';'2PZWA43HRW';'02.11.23 05:40:22';'08.11.23 19:02:08';'returned';8888,02;'client returned a car.';'ANOTH'
5177;4575;'24.11.23 11:18:04';'8041187895';'DQZ85AULFX';'02.11.23 06:08:09';'08.11.23 07:48:21';'rented';16741,97;'order was created.';'ANOTH'
5314;4575;'24.11.23 11:18:04';'8041187895';'AQ0PQ2DBUO';'02.11.23 06:08:09';'08.11.23 07:48:21';'returned';16509,72;'client returned a car.';'ANOTH'
5207;4575;'24.11.23 11:18:04';'8041187895';'AQ0PQ2DBUO';'02.11.23 06:08:09';'08.11.23 07:48:21';'rented';16509,72;'client changed a car.';'ANOTH'
5239;4576;'24.11.23 11:18:04';'5193647156';'Z52XNE3Q2K';'02.11.23 08:20:23';'05.11.23 00:17:21';'returned';6848,55;'client returned a car.';'ANOTH'
5178;4576;'24.11.23 11:18:04';'5193647156';'Z52XNE3Q2K';'02.11.23 08:20:23';'05.11.23 00:17:21';'rented';6848,55;'order was created.';'ANOTH'
5181;4577;'24.11.23 11:18:04';'5671279028';'C0MSW5UPS9';'02.11.23 09:09:39';'07.11.23 05:24:26';'rented';11250,08;'order was created.';'ANOTH'
5295;4577;'24.11.23 11:18:04';'5671279028';'C0MSW5UPS9';'02.11.23 09:09:39';'07.11.23 05:24:26';'returned';11250,08;'client returned a car.';'ANOTH'
5182;4578;'24.11.23 11:18:04';'4006276480';'BOZ56GTDLR';'02.11.23 10:50:36';'07.11.23 18:08:18';'rented';10852,58;'order was created.';'ANOTH'
5215;4578;'24.11.23 11:18:04';'4006276480';'BOZ56GTDLR';'02.11.23 10:50:36';'07.11.23 18:08:18';'returned';10852,58;'client returned a car.';'ANOTH'
5251;4579;'24.11.23 11:18:04';'3885537011';'3QCBS5XF9V';'02.11.23 12:50:29';'05.11.23 09:14:34';'returned';8540,88;'client returned a car.';'ANOTH'
5183;4579;'24.11.23 11:18:04';'3885537011';'3QCBS5XF9V';'02.11.23 12:50:29';'05.11.23 09:14:34';'rented';8540,88;'order was created.';'ANOTH'
5233;4580;'24.11.23 11:18:04';'7675919362';'7EHB0IL2PQ';'02.11.23 15:10:54';'05.11.23 14:31:14';'returned';3717,88;'client returned a car.';'ANOTH'
5186;4580;'24.11.23 11:18:04';'7675919362';'7EHB0IL2PQ';'02.11.23 15:10:54';'05.11.23 14:31:14';'rented';3717,88;'order was created.';'ANOTH'
5323;4581;'24.11.23 11:18:04';'5217740412';'9E0XO1CD3C';'02.11.23 17:47:05';'08.11.23 20:24:30';'returned';8994,32;'client returned a car.';'ANOTH'
5245;4581;'24.11.23 11:18:04';'5217740412';'9E0XO1CD3C';'02.11.23 17:47:05';'08.11.23 20:24:30';'rented';8994,32;'client changed a car.';'ANOTH'
5187;4581;'24.11.23 11:18:04';'5217740412';'GCGMKJZO1V';'02.11.23 17:47:05';'08.11.23 20:24:30';'rented';14778,74;'order was created.';'ANOTH'
5197;4582;'24.11.23 11:18:04';'7846818259';'GHXXGVSL7E';'02.11.23 19:55:18';'09.11.23 21:09:59';'rented';11117,4;'client renewed a car.';'ANOTH'
5346;4582;'24.11.23 11:18:04';'7846818259';'GHXXGVSL7E';'02.11.23 19:55:18';'09.11.23 21:09:59';'returned';11117,4;'client returned a car.';'ANOTH'
5190;4582;'24.11.23 11:18:04';'7846818259';'GHXXGVSL7E';'02.11.23 19:55:18';'08.11.23 21:09:59';'rented';9540,88;'order was created.';'ANOTH'
5193;4583;'24.11.23 11:18:04';'2101861846';'VZOB05VTF8';'02.11.23 21:01:44';'04.11.23 23:26:55';'rented';4522,05;'order was created.';'ANOTH'
5240;4583;'24.11.23 11:18:04';'2101861846';'VZOB05VTF8';'02.11.23 21:01:44';'04.11.23 23:26:55';'returned';4522,05;'client returned a car.';'ANOTH'
5237;4584;'24.11.23 11:18:04';'2293028260';'3E7XGWQ3KA';'02.11.23 23:02:33';'10.11.23 09:42:45';'rented';9599,86;'client renewed a car.';'ANOTH'
5329;4584;'24.11.23 11:18:04';'2293028260';'3E7XGWQ3KA';'02.11.23 23:02:33';'12.11.23 09:42:45';'rented';12178,88;'client renewed a car.';'ANOTH'
5410;4584;'24.11.23 11:18:04';'2293028260';'3E7XGWQ3KA';'02.11.23 23:02:33';'12.11.23 09:42:45';'returned';12178,88;'client returned a car.';'ANOTH'
5307;4584;'24.11.23 11:18:04';'2293028260';'3E7XGWQ3KA';'02.11.23 23:02:33';'11.11.23 09:42:45';'rented';10889,37;'client renewed a car.';'ANOTH'
5194;4584;'24.11.23 11:18:04';'2293028260';'3E7XGWQ3KA';'02.11.23 23:02:33';'09.11.23 09:42:45';'rented';8310,35;'order was created.';'ANOTH'
5226;4585;'24.11.23 11:18:04';'8571109137';'KX96C58CQO';'02.11.23 23:49:34';'04.11.23 13:01:17';'returned';4600,05;'client returned a car.';'ANOTH'
5195;4585;'24.11.23 11:18:04';'8571109137';'KX96C58CQO';'02.11.23 23:49:34';'04.11.23 13:01:17';'rented';4600,05;'order was created.';'ANOTH'
5196;4586;'24.11.23 11:18:04';'2051154297';'8DRN424EJB';'03.11.23 02:22:48';'09.11.23 08:39:29';'rented';16157,76;'order was created.';'ANOTH'
5333;4586;'24.11.23 11:18:04';'2051154297';'QZAA1V0520';'03.11.23 02:22:48';'09.11.23 08:39:29';'returned';15023,18;'client returned a car.';'ANOTH'
5267;4586;'24.11.23 11:18:04';'2051154297';'QZAA1V0520';'03.11.23 02:22:48';'09.11.23 08:39:29';'rented';15023,18;'client changed a car.';'ANOTH'
5201;4587;'24.11.23 11:18:04';'8706691795';'2PZWA43HRW';'03.11.23 06:12:18';'06.11.23 04:02:02';'rented';3907,78;'client renewed a car.';'ANOTH'
5199;4587;'24.11.23 11:18:04';'8706691795';'2PZWA43HRW';'03.11.23 06:12:18';'05.11.23 04:02:02';'rented';2564,69;'order was created.';'ANOTH'
5263;4587;'24.11.23 11:18:04';'8706691795';'2PZWA43HRW';'03.11.23 06:12:18';'06.11.23 04:02:02';'returned';3907,78;'client returned a car.';'ANOTH'
5200;4588;'24.11.23 11:18:04';'9701535882';'HALLI015C6';'03.11.23 08:51:33';'09.11.23 09:03:52';'rented';15673,26;'order was created.';'ANOTH'
5321;4588;'24.11.23 11:18:04';'9701535882';'HALLI015C6';'03.11.23 08:51:33';'10.11.23 09:03:52';'rented';18281,75;'client renewed a car.';'ANOTH'
5343;4588;'24.11.23 11:18:04';'9701535882';'HALLI015C6';'03.11.23 08:51:33';'10.11.23 09:03:52';'returned';18281,75;'client returned a car.';'ANOTH'
5203;4589;'24.11.23 11:18:04';'9643290090';'ZIPMCFV6HT';'03.11.23 11:27:09';'05.11.23 22:34:15';'rented';4806,6;'order was created.';'ANOTH'
5270;4589;'24.11.23 11:18:04';'9643290090';'ZIPMCFV6HT';'03.11.23 11:27:09';'05.11.23 22:34:15';'returned';4806,6;'client returned a car.';'ANOTH'
5326;4590;'24.11.23 11:18:04';'3085836878';'CEN248R1KF';'03.11.23 12:38:28';'09.11.23 00:03:20';'returned';12938,42;'client returned a car.';'ANOTH'
5204;4590;'24.11.23 11:18:04';'3085836878';'CEN248R1KF';'03.11.23 12:38:28';'09.11.23 00:03:20';'rented';12938,42;'order was created.';'ANOTH'
5243;4591;'24.11.23 11:18:04';'7116507341';'FUWMKFQZJZ';'03.11.23 14:29:59';'11.11.23 03:21:45';'rented';19979,85;'client renewed a car.';'ANOTH'
5384;4591;'24.11.23 11:18:04';'7116507341';'FUWMKFQZJZ';'03.11.23 14:29:59';'11.11.23 03:21:45';'returned';19979,85;'client returned a car.';'ANOTH'
5205;4591;'24.11.23 11:18:04';'7116507341';'FUWMKFQZJZ';'03.11.23 14:29:59';'10.11.23 03:21:45';'rented';17328,58;'order was created.';'ANOTH'
5206;4592;'24.11.23 11:18:04';'1581153844';'KU53ZQBSHV';'03.11.23 15:00:28';'09.11.23 11:02:55';'rented';14057,35;'order was created.';'ANOTH'
5244;4592;'24.11.23 11:18:04';'1581153844';'5KMHAO3EL5';'03.11.23 15:00:28';'09.11.23 11:02:55';'rented';15566,44;'client changed a car.';'ANOTH'
5304;4592;'24.11.23 11:18:04';'1581153844';'DWRCTHKUWK';'03.11.23 15:00:28';'09.11.23 11:02:55';'rented';15109,71;'client changed a car.';'ANOTH'
5318;4592;'24.11.23 11:18:04';'1581153844';'DWRCTHKUWK';'03.11.23 15:00:28';'10.11.23 11:02:55';'rented';17775,14;'client renewed a car.';'ANOTH'
5225;4592;'24.11.23 11:18:04';'1581153844';'2S57OLA03Y';'03.11.23 15:00:28';'09.11.23 11:02:55';'rented';6999,05;'client changed a car.';'ANOTH'
5362;4592;'24.11.23 11:18:04';'1581153844';'DWRCTHKUWK';'03.11.23 15:00:28';'10.11.23 11:02:55';'returned';17775,14;'client returned a car.';'ANOTH'
5208;4593;'24.11.23 11:18:04';'1738598583';'XTWKDWIOYS';'03.11.23 17:38:49';'05.11.23 21:50:15';'rented';4156,73;'order was created.';'ANOTH'
5271;4593;'24.11.23 11:18:04';'1738598583';'XTWKDWIOYS';'03.11.23 17:38:49';'05.11.23 21:50:15';'returned';4156,73;'client returned a car.';'ANOTH'
5353;4594;'24.11.23 11:18:04';'3100402716';'N3E3NQ5S0H';'03.11.23 19:25:41';'10.11.23 03:07:24';'returned';14052,36;'client returned a car.';'ANOTH'
5209;4594;'24.11.23 11:18:04';'3100402716';'N3E3NQ5S0H';'03.11.23 19:25:41';'09.11.23 03:07:24';'rented';11829,11;'order was created.';'ANOTH'
5273;4594;'24.11.23 11:18:04';'3100402716';'N3E3NQ5S0H';'03.11.23 19:25:41';'10.11.23 03:07:24';'rented';14052,36;'client renewed a car.';'ANOTH'
5211;4595;'24.11.23 11:18:04';'5101582109';'PEFRVAJXQN';'03.11.23 22:39:45';'05.11.23 01:47:16';'rented';917,27;'order was created.';'ANOTH'
5242;4595;'24.11.23 11:18:04';'5101582109';'PEFRVAJXQN';'03.11.23 22:39:45';'05.11.23 01:47:16';'returned';917,27;'client returned a car.';'ANOTH'
5258;4596;'24.11.23 11:18:04';'1288295077';'UGNLKSX2N9';'04.11.23 00:01:00';'05.11.23 13:17:05';'returned';2808,67;'client returned a car.';'ANOTH'
5212;4596;'24.11.23 11:18:04';'1288295077';'UGNLKSX2N9';'04.11.23 00:01:00';'05.11.23 13:17:05';'rented';2808,67;'order was created.';'ANOTH'
5217;4597;'24.11.23 11:18:04';'6828420021';'IXDT34DW48';'04.11.23 06:22:14';'09.11.23 03:34:38';'rented';6134,4;'order was created.';'ANOTH'
5218;4597;'24.11.23 11:18:04';'6828420021';'IXDT34DW48';'04.11.23 06:22:14';'09.11.23 03:34:38';'returned';6134,4;'client returned a car.';'ANOTH'
5222;4598;'24.11.23 11:18:04';'8843163468';'QC4F332LNY';'04.11.23 12:21:20';'05.11.23 15:11:08';'rented';3323,91;'order was created.';'ANOTH'
5262;4598;'24.11.23 11:18:04';'8843163468';'QC4F332LNY';'04.11.23 12:21:20';'05.11.23 15:11:08';'returned';3323,91;'client returned a car.';'ANOTH'
5328;4599;'24.11.23 11:18:04';'2356860821';'BKZWU27BUN';'04.11.23 14:58:46';'09.11.23 02:52:21';'returned';11711,99;'client returned a car.';'ANOTH'
5227;4599;'24.11.23 11:18:04';'2356860821';'BKZWU27BUN';'04.11.23 14:58:46';'09.11.23 02:52:21';'rented';11711,99;'order was created.';'ANOTH'
5349;4600;'24.11.23 11:18:04';'7431416574';'N6ATECM4AD';'04.11.23 19:10:02';'09.11.23 23:21:26';'returned';7732,64;'client returned a car.';'ANOTH'
5232;4600;'24.11.23 11:18:04';'7431416574';'N6ATECM4AD';'04.11.23 19:10:02';'09.11.23 23:21:26';'rented';7732,64;'order was created.';'ANOTH'
5294;4601;'24.11.23 11:18:04';'4006276480';'COLWNVEA2G';'04.11.23 19:44:25';'09.11.23 10:42:25';'rented';10322,86;'client renewed a car.';'ANOTH'
5332;4601;'24.11.23 11:18:04';'4006276480';'WZ36IWB3P5';'04.11.23 19:44:25';'09.11.23 10:42:25';'rented';10332,09;'client changed a car.';'ANOTH'
5234;4601;'24.11.23 11:18:04';'4006276480';'COLWNVEA2G';'04.11.23 19:44:25';'08.11.23 10:42:25';'rented';8090,22;'order was created.';'ANOTH'
5335;4601;'24.11.23 11:18:04';'4006276480';'WZ36IWB3P5';'04.11.23 19:44:25';'09.11.23 10:42:25';'returned';10332,09;'client returned a car.';'ANOTH'
5235;4602;'24.11.23 11:18:04';'2778480879';'V5SW80UEXC';'04.11.23 20:37:33';'10.11.23 04:48:33';'rented';14429,28;'order was created.';'ANOTH'
5354;4602;'24.11.23 11:18:04';'2778480879';'V5SW80UEXC';'04.11.23 20:37:33';'10.11.23 04:48:33';'returned';14429,28;'client returned a car.';'ANOTH'
5355;4603;'24.11.23 11:18:04';'6828420021';'TU7NA1K2VC';'04.11.23 20:48:53';'10.11.23 04:07:56';'returned';13375,3;'client returned a car.';'ANOTH'
5236;4603;'24.11.23 11:18:04';'6828420021';'TU7NA1K2VC';'04.11.23 20:48:53';'10.11.23 04:07:56';'rented';13375,3;'order was created.';'ANOTH'
5422;4604;'24.11.23 11:18:04';'4941134487';'ZPM0TH6DPB';'05.11.23 07:46:43';'12.11.23 18:36:18';'returned';19277,92;'client returned a car.';'ANOTH'
5352;4604;'24.11.23 11:18:04';'4941134487';'C0MSW5UPS9';'05.11.23 07:46:43';'11.11.23 18:36:18';'rented';16969,32;'client changed a car.';'ANOTH'
5397;4604;'24.11.23 11:18:04';'4941134487';'ZPM0TH6DPB';'05.11.23 07:46:43';'12.11.23 18:36:18';'rented';19277,92;'client changed a car.';'ANOTH'
5249;4604;'24.11.23 11:18:04';'4941134487';'6GVM51DP35';'05.11.23 07:46:43';'11.11.23 18:36:18';'rented';17608,15;'order was created.';'ANOTH'
5357;4604;'24.11.23 11:18:04';'4941134487';'C0MSW5UPS9';'05.11.23 07:46:43';'12.11.23 18:36:18';'rented';19291,99;'client renewed a car.';'ANOTH'
5250;4605;'24.11.23 11:18:04';'2148375822';'GCGMKJZO1V';'05.11.23 10:11:59';'08.11.23 13:46:25';'rented';7617,36;'order was created.';'ANOTH'
5317;4605;'24.11.23 11:18:04';'2148375822';'GCGMKJZO1V';'05.11.23 10:11:59';'08.11.23 13:46:25';'returned';7617,36;'client returned a car.';'ANOTH'
5272;4606;'24.11.23 11:18:04';'8475575954';'7EHB0IL2PQ';'05.11.23 10:29:15';'13.11.23 03:20:03';'rented';9633,44;'client renewed a car.';'ANOTH'
5315;4606;'24.11.23 11:18:04';'8475575954';'7EHB0IL2PQ';'05.11.23 10:29:15';'14.11.23 03:20:03';'rented';10884,22;'client renewed a car.';'ANOTH'
5252;4606;'24.11.23 11:18:04';'8475575954';'7EHB0IL2PQ';'05.11.23 10:29:15';'12.11.23 03:20:03';'rented';8382,66;'order was created.';'ANOTH'
5450;4606;'24.11.23 11:18:04';'8475575954';'7EHB0IL2PQ';'05.11.23 10:29:15';'14.11.23 03:20:03';'returned';10884,22;'client returned a car.';'ANOTH'
5369;4607;'24.11.23 11:18:04';'5628434739';'ZD81Y0APUY';'05.11.23 10:40:04';'10.11.23 17:02:28';'returned';9177,39;'client returned a car.';'ANOTH'
5368;4607;'24.11.23 11:18:04';'5628434739';'ZD81Y0APUY';'05.11.23 10:40:04';'10.11.23 17:02:28';'rented';9177,39;'client changed a car.';'ANOTH'
5253;4607;'24.11.23 11:18:04';'5628434739';'D3B88KL4Z9';'05.11.23 10:40:04';'10.11.23 17:02:28';'rented';9192,4;'order was created.';'ANOTH'
5311;4608;'24.11.23 11:18:04';'6475640971';'BOZ56GTDLR';'05.11.23 12:05:26';'08.11.23 04:44:13';'returned';5511,46;'client returned a car.';'ANOTH'
5254;4608;'24.11.23 11:18:04';'6475640971';'BOZ56GTDLR';'05.11.23 12:05:26';'08.11.23 04:44:13';'rented';5511,46;'order was created.';'ANOTH'
5257;4609;'24.11.23 11:18:04';'5943253499';'XBCLRF4VW9';'05.11.23 14:15:33';'11.11.23 08:13:06';'rented';16528,48;'order was created.';'ANOTH'
5408;4609;'24.11.23 11:18:04';'5943253499';'XBCLRF4VW9';'05.11.23 14:15:33';'12.11.23 08:13:06';'returned';19403,85;'client returned a car.';'ANOTH'
5293;4609;'24.11.23 11:18:04';'5943253499';'XBCLRF4VW9';'05.11.23 14:15:33';'12.11.23 08:13:06';'rented';19403,85;'client renewed a car.';'ANOTH'
5259;4610;'24.11.23 11:18:04';'1827969981';'KX96C58CQO';'05.11.23 14:37:47';'12.11.23 10:39:07';'rented';20285,1;'order was created.';'ANOTH'
5261;4610;'24.11.23 11:18:04';'1827969981';'KX96C58CQO';'05.11.23 14:37:47';'13.11.23 10:39:07';'rented';23253,25;'client renewed a car.';'ANOTH'
5484;4610;'24.11.23 11:18:04';'1827969981';'KX96C58CQO';'05.11.23 14:37:47';'15.11.23 10:39:07';'returned';29189,55;'client returned a car.';'ANOTH'
5431;4610;'24.11.23 11:18:04';'1827969981';'KX96C58CQO';'05.11.23 14:37:47';'15.11.23 10:39:07';'rented';29189,55;'client renewed a car.';'ANOTH'
5339;4610;'24.11.23 11:18:04';'1827969981';'KX96C58CQO';'05.11.23 14:37:47';'14.11.23 10:39:07';'rented';26221,4;'client renewed a car.';'ANOTH'
5341;4611;'24.11.23 11:18:04';'8487687028';'DJQ5UJMJAF';'05.11.23 18:13:50';'09.11.23 16:09:11';'returned';5726,57;'client returned a car.';'ANOTH'
5265;4611;'24.11.23 11:18:04';'8487687028';'DJQ5UJMJAF';'05.11.23 18:13:50';'09.11.23 16:09:11';'rented';5726,57;'order was created.';'ANOTH'
5268;4612;'24.11.23 11:18:04';'2319736127';'XOHQKBLE1O';'05.11.23 21:38:16';'12.11.23 16:24:44';'rented';17756,31;'order was created.';'ANOTH'
5466;4612;'24.11.23 11:18:04';'2319736127';'XOHQKBLE1O';'05.11.23 21:38:16';'14.11.23 16:24:44';'returned';22992,41;'client returned a car.';'ANOTH'
5303;4612;'24.11.23 11:18:04';'2319736127';'XOHQKBLE1O';'05.11.23 21:38:16';'13.11.23 16:24:44';'rented';20374,36;'client renewed a car.';'ANOTH'
5367;4612;'24.11.23 11:18:04';'2319736127';'XOHQKBLE1O';'05.11.23 21:38:16';'14.11.23 16:24:44';'rented';22992,41;'client renewed a car.';'ANOTH'
5300;4613;'24.11.23 11:18:04';'2101861846';'R3NO6XE7BO';'05.11.23 22:38:03';'07.11.23 13:11:53';'returned';4101,22;'client returned a car.';'ANOTH'
5269;4613;'24.11.23 11:18:04';'2101861846';'R3NO6XE7BO';'05.11.23 22:38:03';'07.11.23 13:11:53';'rented';4101,22;'order was created.';'ANOTH'
5274;4614;'24.11.23 11:18:04';'1771967212';'Y2QR98GL7P';'06.11.23 01:46:44';'07.11.23 09:17:09';'rented';2997,47;'order was created.';'ANOTH'
5297;4614;'24.11.23 11:18:04';'1771967212';'Y2QR98GL7P';'06.11.23 01:46:44';'07.11.23 09:17:09';'returned';2997,47;'client returned a car.';'ANOTH'
5416;4615;'24.11.23 11:18:04';'8706691795';'2A9957I3CK';'06.11.23 02:32:02';'12.11.23 15:16:48';'returned';12996,68;'client returned a car.';'ANOTH'
5275;4615;'24.11.23 11:18:04';'8706691795';'2A9957I3CK';'06.11.23 02:32:02';'12.11.23 15:16:48';'rented';12996,68;'order was created.';'ANOTH'
5276;4616;'24.11.23 11:18:04';'3826269565';'62E8QPJETN';'06.11.23 03:09:15';'09.11.23 23:27:59';'rented';5431,11;'order was created.';'ANOTH'
5309;4616;'24.11.23 11:18:04';'3826269565';'62E8QPJETN';'06.11.23 03:09:15';'10.11.23 23:27:59';'rented';6843,13;'client renewed a car.';'ANOTH'
5378;4616;'24.11.23 11:18:04';'3826269565';'62E8QPJETN';'06.11.23 03:09:15';'10.11.23 23:27:59';'returned';6843,13;'client returned a car.';'ANOTH'
5424;4617;'24.11.23 11:18:04';'1738598583';'J53C6QU2O1';'06.11.23 05:49:29';'12.11.23 20:48:46';'returned';12589;'client returned a car.';'ANOTH'
5277;4617;'24.11.23 11:18:04';'1738598583';'J53C6QU2O1';'06.11.23 05:49:29';'12.11.23 20:48:46';'rented';12589;'order was created.';'ANOTH'
5278;4618;'24.11.23 11:18:04';'1368514808';'WZ36IWB3P5';'06.11.23 08:22:24';'12.11.23 15:08:38';'rented';14792,72;'order was created.';'ANOTH'
5298;4618;'24.11.23 11:18:04';'1368514808';'WZ36IWB3P5';'06.11.23 08:22:24';'12.11.23 15:08:38';'returned';14792,72;'client returned a car.';'ANOTH'
5312;4619;'24.11.23 11:18:04';'2732293253';'IMQC9WDZFA';'06.11.23 09:06:18';'12.11.23 20:37:06';'rented';15843,51;'client renewed a car.';'ANOTH'
5279;4619;'24.11.23 11:18:04';'2732293253';'IMQC9WDZFA';'06.11.23 09:06:18';'11.11.23 20:37:06';'rented';13398,42;'order was created.';'ANOTH'
5445;4619;'24.11.23 11:18:04';'2732293253';'IMQC9WDZFA';'06.11.23 09:06:18';'13.11.23 20:37:06';'returned';18288,6;'client returned a car.';'ANOTH'
5372;4619;'24.11.23 11:18:04';'2732293253';'IMQC9WDZFA';'06.11.23 09:06:18';'13.11.23 20:37:06';'rented';18288,6;'client renewed a car.';'ANOTH'
5373;4620;'24.11.23 11:18:04';'8571109137';'KU53ZQBSHV';'06.11.23 10:11:27';'10.11.23 20:11:12';'returned';10639,89;'client returned a car.';'ANOTH'
5280;4620;'24.11.23 11:18:04';'8571109137';'KU53ZQBSHV';'06.11.23 10:11:27';'10.11.23 20:11:12';'rented';10639,89;'order was created.';'ANOTH'
5299;4621;'24.11.23 11:18:04';'1288295077';'QELYVZVYT0';'06.11.23 14:38:29';'10.11.23 01:21:47';'returned';6907,06;'client returned a car.';'ANOTH'
5282;4621;'24.11.23 11:18:04';'1288295077';'QELYVZVYT0';'06.11.23 14:38:29';'10.11.23 01:21:47';'rented';6907,06;'order was created.';'ANOTH'
5376;4622;'24.11.23 11:18:04';'9236429996';'2S57OLA03Y';'06.11.23 16:56:01';'10.11.23 22:07:53';'returned';4024,3;'client returned a car.';'ANOTH'
5284;4622;'24.11.23 11:18:04';'9236429996';'2S57OLA03Y';'06.11.23 16:56:01';'10.11.23 22:07:53';'rented';4024,3;'order was created.';'ANOTH'
5292;4623;'24.11.23 11:18:04';'2698738321';'GMN3JSMBYN';'06.11.23 19:16:42';'09.11.23 23:56:57';'rented';5715,72;'client changed a car.';'ANOTH'
5286;4623;'24.11.23 11:18:04';'2698738321';'B2J3ID7WIW';'06.11.23 19:16:42';'09.11.23 23:56:57';'rented';4673,96;'order was created.';'ANOTH'
5350;4623;'24.11.23 11:18:04';'2698738321';'GMN3JSMBYN';'06.11.23 19:16:42';'09.11.23 23:56:57';'returned';5715,72;'client returned a car.';'ANOTH'
5344;4624;'24.11.23 11:18:04';'6154329440';'JTVGH36H7G';'06.11.23 20:40:05';'09.11.23 18:25:20';'returned';3203,72;'client returned a car.';'ANOTH'
5287;4624;'24.11.23 11:18:04';'6154329440';'JTVGH36H7G';'06.11.23 20:40:05';'09.11.23 18:25:20';'rented';3203,72;'order was created.';'ANOTH'
5363;4625;'24.11.23 11:18:04';'2593304943';'YUW6U6UH1F';'06.11.23 23:00:51';'10.11.23 11:48:46';'returned';3565,6;'client returned a car.';'ANOTH'
5288;4625;'24.11.23 11:18:04';'2593304943';'YUW6U6UH1F';'06.11.23 23:00:51';'10.11.23 11:48:46';'rented';3565,6;'order was created.';'ANOTH'
5374;4626;'24.11.23 11:18:04';'6440288173';'WTAAPUTANR';'07.11.23 00:05:07';'10.11.23 19:58:35';'returned';7064,74;'client returned a car.';'ANOTH'
5316;4626;'24.11.23 11:18:04';'6440288173';'WTAAPUTANR';'07.11.23 00:05:07';'10.11.23 19:58:35';'rented';7064,74;'client renewed a car.';'ANOTH'
5289;4626;'24.11.23 11:18:04';'6440288173';'WTAAPUTANR';'07.11.23 00:05:07';'09.11.23 19:58:35';'rented';5219,58;'order was created.';'ANOTH'
5290;4627;'24.11.23 11:18:04';'9392400407';'IXZ2GTP78X';'07.11.23 00:31:49';'09.11.23 03:03:30';'rented';2084,29;'order was created.';'ANOTH'
5330;4627;'24.11.23 11:18:04';'9392400407';'IXZ2GTP78X';'07.11.23 00:31:49';'09.11.23 03:03:30';'returned';2084,29;'client returned a car.';'ANOTH'
5291;4628;'24.11.23 11:18:04';'3693158129';'8NF6TD5TM7';'07.11.23 03:06:22';'11.11.23 00:30:52';'rented';8634,67;'order was created.';'ANOTH'
5324;4628;'24.11.23 11:18:04';'3693158129';'GQE85X2HNR';'07.11.23 03:06:22';'11.11.23 00:30:52';'rented';5851,37;'client changed a car.';'ANOTH'
5379;4628;'24.11.23 11:18:04';'3693158129';'GQE85X2HNR';'07.11.23 03:06:22';'11.11.23 00:30:52';'returned';5851,37;'client returned a car.';'ANOTH'
5296;4629;'24.11.23 11:18:04';'5067475694';'9ZBNZ3N6CK';'07.11.23 09:43:30';'13.11.23 16:23:27';'rented';9673,88;'order was created.';'ANOTH'
5438;4629;'24.11.23 11:18:04';'5067475694';'9ZBNZ3N6CK';'07.11.23 09:43:30';'14.11.23 16:23:27';'rented';11214,86;'client renewed a car.';'ANOTH'
5467;4629;'24.11.23 11:18:04';'5067475694';'9ZBNZ3N6CK';'07.11.23 09:43:30';'14.11.23 16:23:27';'returned';11214,86;'client returned a car.';'ANOTH'
5336;4630;'24.11.23 11:18:04';'7423278445';'4XEV64RI8V';'07.11.23 16:55:57';'09.11.23 09:16:11';'returned';3192,32;'client returned a car.';'ANOTH'
5301;4630;'24.11.23 11:18:04';'7423278445';'4XEV64RI8V';'07.11.23 16:55:57';'09.11.23 09:16:11';'rented';3192,32;'order was created.';'ANOTH'
5338;4631;'24.11.23 11:18:04';'1102731227';'6IVJC5ER6J';'07.11.23 18:26:55';'12.11.23 15:43:59';'rented';14474,22;'client renewed a car.';'ANOTH'
5302;4631;'24.11.23 11:18:04';'1102731227';'6IVJC5ER6J';'07.11.23 18:26:55';'10.11.23 15:43:59';'rented';8550,48;'order was created.';'ANOTH'
5325;4631;'24.11.23 11:18:04';'1102731227';'6IVJC5ER6J';'07.11.23 18:26:55';'11.11.23 15:43:59';'rented';11512,35;'client renewed a car.';'ANOTH'
5417;4631;'24.11.23 11:18:04';'1102731227';'6IVJC5ER6J';'07.11.23 18:26:55';'12.11.23 15:43:59';'returned';14474,22;'client returned a car.';'ANOTH'
5305;4632;'24.11.23 11:18:04';'5193647156';'JTPWNEX6NA';'07.11.23 23:41:34';'13.11.23 13:08:21';'rented';5723,52;'order was created.';'ANOTH'
5334;4632;'24.11.23 11:18:04';'5193647156';'JTPWNEX6NA';'07.11.23 23:41:34';'13.11.23 13:08:21';'returned';5723,52;'client returned a car.';'ANOTH'
5306;4633;'24.11.23 11:18:04';'7248563181';'IUVENCG0Z4';'08.11.23 01:10:43';'09.11.23 09:28:46';'rented';3265,65;'order was created.';'ANOTH'
5337;4633;'24.11.23 11:18:04';'7248563181';'IUVENCG0Z4';'08.11.23 01:10:43';'09.11.23 09:28:46';'returned';3265,65;'client returned a car.';'ANOTH'
5308;4634;'24.11.23 11:18:04';'1368514808';'DDZW79R7R7';'08.11.23 02:16:13';'14.11.23 05:31:25';'rented';6822,55;'order was created.';'ANOTH'
5452;4634;'24.11.23 11:18:04';'1368514808';'DDZW79R7R7';'08.11.23 02:16:13';'14.11.23 05:31:25';'returned';6822,55;'client returned a car.';'ANOTH'
5310;4635;'24.11.23 11:18:04';'5101582109';'Z52XNE3Q2K';'08.11.23 06:30:27';'10.11.23 02:05:18';'rented';4667,2;'order was created.';'ANOTH'
5356;4635;'24.11.23 11:18:04';'5101582109';'Z52XNE3Q2K';'08.11.23 06:30:27';'10.11.23 02:05:18';'returned';4667,2;'client returned a car.';'ANOTH'
5319;4636;'24.11.23 11:18:04';'9643290090';'3L70R0T3Y0';'08.11.23 08:58:32';'14.11.23 11:16:50';'rented';10190,64;'client renewed a car.';'ANOTH'
5313;4636;'24.11.23 11:18:04';'9643290090';'3L70R0T3Y0';'08.11.23 08:58:32';'13.11.23 11:16:50';'rented';8518,96;'order was created.';'ANOTH'
5459;4636;'24.11.23 11:18:04';'9643290090';'3L70R0T3Y0';'08.11.23 08:58:32';'14.11.23 11:16:50';'returned';10190,64;'client returned a car.';'ANOTH'
5521;4637;'24.11.23 11:18:04';'1115322853';'W7VN003WB9';'08.11.23 21:06:05';'17.11.23 02:22:51';'returned';14160,88;'client returned a car.';'ANOTH'
5366;4637;'24.11.23 11:18:04';'1115322853';'XTWKDWIOYS';'08.11.23 21:06:05';'16.11.23 02:22:51';'rented';13800,92;'client renewed a car.';'ANOTH'
5453;4637;'24.11.23 11:18:04';'1115322853';'W7VN003WB9';'08.11.23 21:06:05';'16.11.23 02:22:51';'rented';12805,92;'client changed a car.';'ANOTH'
5471;4637;'24.11.23 11:18:04';'1115322853';'W7VN003WB9';'08.11.23 21:06:05';'17.11.23 02:22:51';'rented';14160,88;'client renewed a car.';'ANOTH'
5322;4637;'24.11.23 11:18:04';'1115322853';'XTWKDWIOYS';'08.11.23 21:06:05';'15.11.23 02:22:51';'rented';11889,43;'order was created.';'ANOTH'
5327;4638;'24.11.23 11:18:04';'7675919362';'CONZKRWM9F';'09.11.23 02:57:36';'11.11.23 01:03:20';'rented';4057,42;'order was created.';'ANOTH'
5380;4638;'24.11.23 11:18:04';'7675919362';'CONZKRWM9F';'09.11.23 02:57:36';'11.11.23 01:03:20';'returned';4057,42;'client returned a car.';'ANOTH'
5331;4639;'24.11.23 11:18:04';'5401346885';'UGNLKSX2N9';'09.11.23 07:32:43';'11.11.23 08:13:26';'rented';3668,63;'order was created.';'ANOTH'
5389;4639;'24.11.23 11:18:04';'5401346885';'UGNLKSX2N9';'09.11.23 07:32:43';'11.11.23 08:13:26';'returned';3668,63;'client returned a car.';'ANOTH'
5460;4640;'24.11.23 11:18:04';'2015120198';'290J01JF3W';'09.11.23 17:08:10';'14.11.23 11:14:34';'returned';7394,16;'client returned a car.';'ANOTH'
5340;4640;'24.11.23 11:18:04';'2015120198';'290J01JF3W';'09.11.23 17:08:10';'14.11.23 11:14:34';'rented';7394,16;'order was created.';'ANOTH'
5342;4641;'24.11.23 11:18:04';'4908697342';'9640XOEI93';'09.11.23 18:13:16';'14.11.23 23:50:56';'rented';10663,66;'order was created.';'ANOTH'
5498;4641;'24.11.23 11:18:04';'4908697342';'9640XOEI93';'09.11.23 18:13:16';'15.11.23 23:50:56';'returned';12700,85;'client returned a car.';'ANOTH'
5421;4641;'24.11.23 11:18:04';'4908697342';'9640XOEI93';'09.11.23 18:13:16';'15.11.23 23:50:56';'rented';12700,85;'client renewed a car.';'ANOTH'
5345;4642;'24.11.23 11:18:04';'9701535882';'QELYVZVYT0';'09.11.23 21:51:16';'13.11.23 04:35:25';'rented';6574,25;'order was created.';'ANOTH'
5430;4642;'24.11.23 11:18:04';'9701535882';'V5SW80UEXC';'09.11.23 21:51:16';'13.11.23 04:35:25';'returned';8509,02;'client returned a car.';'ANOTH'
5360;4642;'24.11.23 11:18:04';'9701535882';'V5SW80UEXC';'09.11.23 21:51:16';'13.11.23 04:35:25';'rented';8509,02;'client changed a car.';'ANOTH'
5347;4643;'24.11.23 11:18:04';'3885537011';'41M9WECI3N';'09.11.23 23:09:27';'12.11.23 11:29:58';'rented';2914,4;'order was created.';'ANOTH'
5411;4643;'24.11.23 11:18:04';'3885537011';'41M9WECI3N';'09.11.23 23:09:27';'12.11.23 11:29:58';'returned';2914,4;'client returned a car.';'ANOTH'
5434;4644;'24.11.23 11:18:04';'6722121469';'26SHL8JTK8';'09.11.23 23:59:46';'13.11.23 07:05:00';'returned';3952,45;'client returned a car.';'ANOTH'
5348;4644;'24.11.23 11:18:04';'6722121469';'26SHL8JTK8';'09.11.23 23:59:46';'12.11.23 07:05:00';'rented';2753,03;'order was created.';'ANOTH'
5392;4644;'24.11.23 11:18:04';'6722121469';'26SHL8JTK8';'09.11.23 23:59:46';'13.11.23 07:05:00';'rented';3952,45;'client renewed a car.';'ANOTH'
5351;4645;'24.11.23 11:18:04';'2051154297';'2PZWA43HRW';'10.11.23 02:00:20';'12.11.23 01:00:57';'rented';2630,79;'order was created.';'ANOTH'
5402;4645;'24.11.23 11:18:04';'2051154297';'2PZWA43HRW';'10.11.23 02:00:20';'12.11.23 01:00:57';'returned';2630,79;'client returned a car.';'ANOTH'
5358;4646;'24.11.23 11:18:04';'1771967212';'R3NO6XE7BO';'10.11.23 08:33:00';'15.11.23 18:43:09';'rented';13843,39;'order was created.';'ANOTH'
5492;4646;'24.11.23 11:18:04';'1771967212';'R3NO6XE7BO';'10.11.23 08:33:00';'15.11.23 18:43:09';'returned';13843,39;'client returned a car.';'ANOTH'
5395;4647;'24.11.23 11:18:04';'8843163468';'W7VN003WB9';'10.11.23 09:19:50';'11.11.23 16:04:41';'returned';1735,9;'client returned a car.';'ANOTH'
5359;4647;'24.11.23 11:18:04';'8843163468';'W7VN003WB9';'10.11.23 09:19:50';'11.11.23 16:04:41';'rented';1735,9;'order was created.';'ANOTH'
5361;4648;'24.11.23 11:18:04';'4254543917';'64KHAKX3AN';'10.11.23 13:00:09';'13.11.23 14:12:49';'rented';8549,24;'order was created.';'ANOTH'
5390;4648;'24.11.23 11:18:04';'4254543917';'J8R2EJGKP0';'10.11.23 13:00:09';'13.11.23 14:12:49';'rented';7662,38;'client changed a car.';'ANOTH'
5407;4648;'24.11.23 11:18:04';'4254543917';'J8R2EJGKP0';'10.11.23 13:00:09';'13.11.23 14:12:49';'returned';7662,38;'client returned a car.';'ANOTH'
5364;4649;'24.11.23 11:18:04';'9392400407';'CT269S476M';'10.11.23 14:53:09';'16.11.23 13:08:52';'rented';15642,19;'order was created.';'ANOTH'
5572;4649;'24.11.23 11:18:04';'9392400407';'CT269S476M';'10.11.23 14:53:09';'19.11.23 13:08:52';'returned';23558,83;'client returned a car.';'ANOTH'
5426;4649;'24.11.23 11:18:04';'9392400407';'CT269S476M';'10.11.23 14:53:09';'18.11.23 13:08:52';'rented';20919,95;'client renewed a car.';'ANOTH'
5414;4649;'24.11.23 11:18:04';'9392400407';'CT269S476M';'10.11.23 14:53:09';'17.11.23 13:08:52';'rented';18281,07;'client renewed a car.';'ANOTH'
5478;4649;'24.11.23 11:18:04';'9392400407';'CT269S476M';'10.11.23 14:53:09';'19.11.23 13:08:52';'rented';23558,83;'client renewed a car.';'ANOTH'
5370;4650;'24.11.23 11:18:04';'2101861846';'YAX9FVDJCF';'10.11.23 18:31:02';'13.11.23 10:16:33';'rented';5148,62;'order was created.';'ANOTH'
5437;4650;'24.11.23 11:18:04';'2101861846';'YAX9FVDJCF';'10.11.23 18:31:02';'13.11.23 10:16:33';'returned';5148,62;'client returned a car.';'ANOTH'
5371;4651;'24.11.23 11:18:04';'5671279028';'D3B88KL4Z9';'10.11.23 18:58:13';'14.11.23 21:19:18';'rented';7154,07;'order was created.';'ANOTH'
5473;4651;'24.11.23 11:18:04';'5671279028';'C0MSW5UPS9';'10.11.23 18:58:13';'14.11.23 21:19:18';'returned';8487,51;'client returned a car.';'ANOTH'
5413;4651;'24.11.23 11:18:04';'5671279028';'C0MSW5UPS9';'10.11.23 18:58:13';'14.11.23 21:19:18';'rented';8487,51;'client changed a car.';'ANOTH'
5375;4652;'24.11.23 11:18:04';'2778480879';'LXJWCP63S6';'10.11.23 22:48:52';'12.11.23 09:42:25';'rented';3639,12;'order was created.';'ANOTH'
5412;4652;'24.11.23 11:18:04';'2778480879';'LXJWCP63S6';'10.11.23 22:48:52';'12.11.23 09:42:25';'returned';3639,12;'client returned a car.';'ANOTH'
5377;4653;'24.11.23 11:18:04';'9633258077';'GMN3JSMBYN';'11.11.23 01:21:42';'14.11.23 13:51:48';'rented';6438,21;'order was created.';'ANOTH'
5464;4653;'24.11.23 11:18:04';'9633258077';'GMN3JSMBYN';'11.11.23 01:21:42';'14.11.23 13:51:48';'returned';6438,21;'client returned a car.';'ANOTH'
5381;4654;'24.11.23 11:18:04';'7901136300';'A2PEK4ZS2D';'11.11.23 02:02:25';'12.11.23 19:59:42';'rented';3438,64;'order was created.';'ANOTH'
5423;4654;'24.11.23 11:18:04';'7901136300';'A2PEK4ZS2D';'11.11.23 02:02:25';'12.11.23 19:59:42';'returned';3438,64;'client returned a car.';'ANOTH'
5382;4655;'24.11.23 11:18:04';'2607339218';'IUVENCG0Z4';'11.11.23 03:18:27';'12.11.23 19:37:39';'rented';4076,41;'order was created.';'ANOTH'
5387;4655;'24.11.23 11:18:04';'2607339218';'IUVENCG0Z4';'11.11.23 03:18:27';'12.11.23 19:37:39';'returned';4076,41;'client returned a car.';'ANOTH'
5435;4656;'24.11.23 11:18:04';'1288295077';'QZAA1V0520';'11.11.23 04:29:14';'18.11.23 12:43:19';'rented';16357,13;'client renewed a car.';'ANOTH'
5383;4656;'24.11.23 11:18:04';'1288295077';'JTPWNEX6NA';'11.11.23 04:29:14';'17.11.23 12:43:19';'rented';6529,35;'order was created.';'ANOTH'
5488;4656;'24.11.23 11:18:04';'1288295077';'QZAA1V0520';'11.11.23 04:29:14';'19.11.23 12:43:19';'rented';18616,62;'client renewed a car.';'ANOTH'
5591;4656;'24.11.23 11:18:04';'1288295077';'QZAA1V0520';'11.11.23 04:29:14';'20.11.23 12:43:19';'returned';20876,11;'client returned a car.';'ANOTH'
5570;4656;'24.11.23 11:18:04';'1288295077';'QZAA1V0520';'11.11.23 04:29:14';'20.11.23 12:43:19';'rented';20876,11;'client renewed a car.';'ANOTH'
5388;4656;'24.11.23 11:18:04';'1288295077';'QZAA1V0520';'11.11.23 04:29:14';'17.11.23 12:43:19';'rented';14097,64;'client changed a car.';'ANOTH'
5461;4657;'24.11.23 11:18:04';'6154329440';'CEN248R1KF';'11.11.23 05:33:19';'14.11.23 12:09:21';'returned';7738,61;'client returned a car.';'ANOTH'
5385;4657;'24.11.23 11:18:04';'6154329440';'CEN248R1KF';'11.11.23 05:33:19';'14.11.23 12:09:21';'rented';7738,61;'order was created.';'ANOTH'
5446;4658;'24.11.23 11:18:04';'7170394449';'COLWNVEA2G';'11.11.23 05:58:11';'13.11.23 20:27:53';'returned';4728,53;'client returned a car.';'ANOTH'
5386;4658;'24.11.23 11:18:04';'7170394449';'C7SJN6DPK2';'11.11.23 05:58:11';'13.11.23 20:27:53';'rented';4550,63;'order was created.';'ANOTH'
5436;4658;'24.11.23 11:18:04';'7170394449';'COLWNVEA2G';'11.11.23 05:58:11';'13.11.23 20:27:53';'rented';4728,53;'client changed a car.';'ANOTH'
5391;4659;'24.11.23 11:18:04';'5067734724';'RI5LJDOAQ1';'11.11.23 13:07:58';'14.11.23 12:21:43';'rented';7856,32;'order was created.';'ANOTH'
5462;4659;'24.11.23 11:18:04';'5067734724';'RI5LJDOAQ1';'11.11.23 13:07:58';'14.11.23 12:21:43';'returned';7856,32;'client returned a car.';'ANOTH'
5511;4660;'24.11.23 11:18:04';'2698738321';'GCGMKJZO1V';'11.11.23 15:39:22';'18.11.23 05:42:29';'rented';15930,64;'client renewed a car.';'ANOTH'
5563;4660;'24.11.23 11:18:04';'2698738321';'GCGMKJZO1V';'11.11.23 15:39:22';'19.11.23 05:42:29';'returned';18349,69;'client returned a car.';'ANOTH'
5393;4660;'24.11.23 11:18:04';'2698738321';'GCGMKJZO1V';'11.11.23 15:39:22';'17.11.23 05:42:29';'rented';13511,59;'order was created.';'ANOTH'
5540;4660;'24.11.23 11:18:04';'2698738321';'GCGMKJZO1V';'11.11.23 15:39:22';'19.11.23 05:42:29';'rented';18349,69;'client renewed a car.';'ANOTH'
5394;4661;'24.11.23 11:18:04';'7791719572';'VZOB05VTF8';'11.11.23 16:36:01';'18.11.23 08:13:48';'rented';14316,93;'order was created.';'ANOTH'
5419;4661;'24.11.23 11:18:04';'7791719572';'VZOB05VTF8';'11.11.23 16:36:01';'18.11.23 08:13:48';'returned';14316,93;'client returned a car.';'ANOTH'
5396;4662;'24.11.23 11:18:04';'7846818259';'B2J3ID7WIW';'11.11.23 16:56:38';'13.11.23 03:32:39';'rented';2109,28;'order was created.';'ANOTH'
5428;4662;'24.11.23 11:18:04';'7846818259';'B2J3ID7WIW';'11.11.23 16:56:38';'13.11.23 03:32:39';'returned';2109,28;'client returned a car.';'ANOTH'
5479;4663;'24.11.23 11:18:04';'8843163468';'QACEM7U8ZP';'11.11.23 21:14:24';'15.11.23 06:16:17';'returned';9983,93;'client returned a car.';'ANOTH'
5398;4663;'24.11.23 11:18:04';'8843163468';'QACEM7U8ZP';'11.11.23 21:14:24';'15.11.23 06:16:17';'rented';9983,93;'order was created.';'ANOTH'
5399;4664;'24.11.23 11:18:04';'9690628228';'PEFRVAJXQN';'11.11.23 21:50:59';'15.11.23 09:09:33';'rented';2817,18;'order was created.';'ANOTH'
5455;4664;'24.11.23 11:18:04';'9690628228';'PEFRVAJXQN';'11.11.23 21:50:59';'15.11.23 09:09:33';'returned';2817,18;'client returned a car.';'ANOTH'
5400;4665;'24.11.23 11:18:04';'6440288173';'JNBRPW7X8F';'12.11.23 00:42:00';'14.11.23 18:04:04';'rented';5638,08;'order was created.';'ANOTH'
5470;4665;'24.11.23 11:18:04';'6440288173';'JNBRPW7X8F';'12.11.23 00:42:00';'14.11.23 18:04:04';'returned';5638,08;'client returned a car.';'ANOTH'
5495;4666;'24.11.23 11:18:04';'3693158129';'2PZWA43HRW';'12.11.23 02:30:48';'18.11.23 23:24:07';'rented';13734,91;'client changed a car.';'ANOTH'
5401;4666;'24.11.23 11:18:04';'3693158129';'DWRCTHKUWK';'12.11.23 02:30:48';'17.11.23 23:24:07';'rented';15647,02;'order was created.';'ANOTH'
5449;4666;'24.11.23 11:18:04';'3693158129';'TU7NA1K2VC';'12.11.23 02:30:48';'18.11.23 23:24:07';'rented';17428,58;'client renewed a car.';'ANOTH'
5425;4666;'24.11.23 11:18:04';'3693158129';'TU7NA1K2VC';'12.11.23 02:30:48';'17.11.23 23:24:07';'rented';14907,27;'client changed a car.';'ANOTH'
5515;4666;'24.11.23 11:18:04';'3693158129';'2PZWA43HRW';'12.11.23 02:30:48';'19.11.23 23:24:07';'rented';15078;'client renewed a car.';'ANOTH'
5582;4666;'24.11.23 11:18:04';'3693158129';'2PZWA43HRW';'12.11.23 02:30:48';'19.11.23 23:24:07';'returned';15078;'client returned a car.';'ANOTH'
5415;4666;'24.11.23 11:18:04';'3693158129';'BKZWU27BUN';'12.11.23 02:30:48';'17.11.23 23:24:07';'rented';15327,72;'client changed a car.';'ANOTH'
5458;4667;'24.11.23 11:18:04';'3085836878';'STGNFB5OAQ';'12.11.23 04:17:23';'18.11.23 08:54:48';'returned';16798,73;'client returned a car.';'ANOTH'
5403;4667;'24.11.23 11:18:04';'3085836878';'STGNFB5OAQ';'12.11.23 04:17:23';'18.11.23 08:54:48';'rented';16798,73;'order was created.';'ANOTH'
5493;4668;'24.11.23 11:18:04';'9534244544';'8DRN424EJB';'12.11.23 05:01:47';'15.11.23 17:49:44';'returned';9117,55;'client returned a car.';'ANOTH'
5404;4668;'24.11.23 11:18:04';'9534244544';'8DRN424EJB';'12.11.23 05:01:47';'15.11.23 17:49:44';'rented';9117,55;'order was created.';'ANOTH'
5482;4669;'24.11.23 11:18:04';'2356860821';'YUW6U6UH1F';'12.11.23 06:23:21';'15.11.23 09:11:56';'returned';3145,6;'client returned a car.';'ANOTH'
5405;4669;'24.11.23 11:18:04';'2356860821';'YUW6U6UH1F';'12.11.23 06:23:21';'15.11.23 09:11:56';'rented';3145,6;'order was created.';'ANOTH'
5507;4670;'24.11.23 11:18:04';'6203106062';'JTVGH36H7G';'12.11.23 06:51:38';'16.11.23 12:18:55';'returned';4659,69;'client returned a car.';'ANOTH'
5406;4670;'24.11.23 11:18:04';'6203106062';'JTVGH36H7G';'12.11.23 06:51:38';'16.11.23 12:18:55';'rented';4659,69;'order was created.';'ANOTH'
5409;4671;'24.11.23 11:18:04';'2148375822';'CONZKRWM9F';'12.11.23 11:35:53';'19.11.23 04:51:28';'rented';14194,43;'order was created.';'ANOTH'
5564;4671;'24.11.23 11:18:04';'2148375822';'CONZKRWM9F';'12.11.23 11:35:53';'19.11.23 04:51:28';'returned';14194,43;'client returned a car.';'ANOTH'
5418;4672;'24.11.23 11:18:04';'2777081145';'1CKXD99MZO';'12.11.23 16:27:16';'17.11.23 09:03:21';'rented';7876,61;'order was created.';'ANOTH'
5443;4672;'24.11.23 11:18:04';'2777081145';'1CKXD99MZO';'12.11.23 16:27:16';'17.11.23 09:03:21';'returned';7876,61;'client returned a car.';'ANOTH'
5420;4673;'24.11.23 11:18:04';'1102731227';'3QCBS5XF9V';'12.11.23 17:59:15';'19.11.23 01:37:26';'rented';18933,96;'order was created.';'ANOTH'
5556;4673;'24.11.23 11:18:04';'1102731227';'3QCBS5XF9V';'12.11.23 17:59:15';'19.11.23 01:37:26';'returned';18933,96;'client returned a car.';'ANOTH'
5427;4674;'24.11.23 11:18:04';'7423278445';'A2PEK4ZS2D';'13.11.23 04:32:27';'20.11.23 02:28:50';'rented';13600,48;'order was created.';'ANOTH'
5601;4674;'24.11.23 11:18:04';'7423278445';'7EHB0IL2PQ';'13.11.23 04:32:27';'21.11.23 02:28:50';'returned';14314;'client returned a car.';'ANOTH'
5571;4674;'24.11.23 11:18:04';'7423278445';'7EHB0IL2PQ';'13.11.23 04:32:27';'21.11.23 02:28:50';'rented';14314;'client renewed a car.';'ANOTH'
5567;4674;'24.11.23 11:18:04';'7423278445';'7EHB0IL2PQ';'13.11.23 04:32:27';'20.11.23 02:28:50';'rented';13063,22;'client changed a car.';'ANOTH'
5429;4675;'24.11.23 11:18:04';'5217740412';'BKZWU27BUN';'13.11.23 04:53:15';'14.11.23 15:55:23';'rented';3803,17;'order was created.';'ANOTH'
5468;4675;'24.11.23 11:18:04';'5217740412';'BKZWU27BUN';'13.11.23 04:53:15';'14.11.23 15:55:23';'returned';3803,17;'client returned a car.';'ANOTH'
5532;4676;'24.11.23 11:18:04';'1221052903';'41M9WECI3N';'13.11.23 05:36:43';'17.11.23 15:51:16';'returned';6133,33;'client returned a car.';'ANOTH'
5485;4676;'24.11.23 11:18:04';'1221052903';'41M9WECI3N';'13.11.23 05:36:43';'17.11.23 15:51:16';'rented';6133,33;'client renewed a car.';'ANOTH'
5448;4676;'24.11.23 11:18:04';'1221052903';'41M9WECI3N';'13.11.23 05:36:43';'16.11.23 15:51:16';'rented';4974,18;'client changed a car.';'ANOTH'
5432;4676;'24.11.23 11:18:04';'1221052903';'Y2QR98GL7P';'13.11.23 05:36:43';'16.11.23 15:51:16';'rented';7824,27;'order was created.';'ANOTH'
5433;4677;'24.11.23 11:18:04';'1152069998';'WZ36IWB3P5';'13.11.23 07:43:17';'18.11.23 23:25:28';'rented';13314,38;'order was created.';'ANOTH'
5553;4677;'24.11.23 11:18:04';'1152069998';'WZ36IWB3P5';'13.11.23 07:43:17';'18.11.23 23:25:28';'returned';13314,38;'client returned a car.';'ANOTH'
5506;4678;'24.11.23 11:18:04';'7675919362';'2A9957I3CK';'13.11.23 13:24:07';'16.11.23 10:37:37';'returned';5776,04;'client returned a car.';'ANOTH'
5463;4678;'24.11.23 11:18:04';'7675919362';'2A9957I3CK';'13.11.23 13:24:07';'16.11.23 10:37:37';'rented';5776,04;'client renewed a car.';'ANOTH'
5439;4678;'24.11.23 11:18:04';'7675919362';'5E0YUYHO11';'13.11.23 13:24:07';'15.11.23 10:37:37';'rented';4153,36;'order was created.';'ANOTH'
5442;4678;'24.11.23 11:18:04';'7675919362';'2A9957I3CK';'13.11.23 13:24:07';'15.11.23 10:37:37';'rented';3786,07;'client changed a car.';'ANOTH'
5544;4679;'24.11.23 11:18:04';'8041187895';'JTPWNEX6NA';'13.11.23 13:55:24';'18.11.23 10:08:38';'returned';4984,7;'client returned a car.';'ANOTH'
5440;4679;'24.11.23 11:18:04';'8041187895';'JTPWNEX6NA';'13.11.23 13:55:24';'18.11.23 10:08:38';'rented';4984,7;'order was created.';'ANOTH'
5497;4680;'24.11.23 11:18:04';'8177238241';'4XEV64RI8V';'13.11.23 14:36:06';'19.11.23 12:31:05';'rented';11231,38;'client renewed a car.';'ANOTH'
5573;4680;'24.11.23 11:18:04';'8177238241';'4XEV64RI8V';'13.11.23 14:36:06';'19.11.23 12:31:05';'returned';11231,38;'client returned a car.';'ANOTH'
5441;4680;'24.11.23 11:18:04';'8177238241';'4XEV64RI8V';'13.11.23 14:36:06';'18.11.23 12:31:05';'rented';9332;'order was created.';'ANOTH'
5551;4681;'24.11.23 11:18:04';'9236429996';'5E0YUYHO11';'13.11.23 22:35:12';'18.11.23 21:35:34';'returned';6703,23;'client returned a car.';'ANOTH'
5444;4681;'24.11.23 11:18:04';'9236429996';'35WZ07A6HB';'13.11.23 22:35:12';'18.11.23 21:35:34';'rented';3979,12;'order was created.';'ANOTH'
5517;4681;'24.11.23 11:18:04';'9236429996';'5E0YUYHO11';'13.11.23 22:35:12';'18.11.23 21:35:34';'rented';6703,23;'client changed a car.';'ANOTH'
5494;4682;'24.11.23 11:18:04';'2593304943';'J53C6QU2O1';'14.11.23 00:52:29';'18.11.23 23:33:00';'rented';10585,85;'client changed a car.';'ANOTH'
5554;4682;'24.11.23 11:18:04';'2593304943';'J53C6QU2O1';'14.11.23 00:52:29';'18.11.23 23:33:00';'returned';10585,85;'client returned a car.';'ANOTH'
5447;4682;'24.11.23 11:18:04';'2593304943';'Z52XNE3Q2K';'14.11.23 00:52:29';'18.11.23 23:33:00';'rented';12709,28;'order was created.';'ANOTH'
5586;4683;'24.11.23 11:18:04';'8571109137';'2S57OLA03Y';'14.11.23 06:09:52';'20.11.23 07:06:18';'returned';5763,8;'client returned a car.';'ANOTH'
5451;4683;'24.11.23 11:18:04';'8571109137';'2S57OLA03Y';'14.11.23 06:09:52';'20.11.23 07:06:18';'rented';5763,8;'order was created.';'ANOTH'
5457;4684;'24.11.23 11:18:04';'2732293253';'XBCLRF4VW9';'14.11.23 07:55:51';'20.11.23 06:21:01';'rented';17062,86;'client renewed a car.';'ANOTH'
5454;4684;'24.11.23 11:18:04';'2732293253';'XBCLRF4VW9';'14.11.23 07:55:51';'19.11.23 06:21:01';'rented';14187,49;'order was created.';'ANOTH'
5588;4684;'24.11.23 11:18:04';'2732293253';'C7SJN6DPK2';'14.11.23 07:55:51';'21.11.23 06:21:01';'returned';17280,25;'client returned a car.';'ANOTH'
5550;4684;'24.11.23 11:18:04';'2732293253';'C7SJN6DPK2';'14.11.23 07:55:51';'21.11.23 06:21:01';'rented';17280,25;'client changed a car.';'ANOTH'
5537;4684;'24.11.23 11:18:04';'2732293253';'XBCLRF4VW9';'14.11.23 07:55:51';'21.11.23 06:21:01';'rented';19938,23;'client renewed a car.';'ANOTH'
5456;4685;'24.11.23 11:18:04';'5401346885';'3E7XGWQ3KA';'14.11.23 10:06:05';'16.11.23 19:45:51';'rented';3098,2;'order was created.';'ANOTH'
5514;4685;'24.11.23 11:18:04';'5401346885';'3E7XGWQ3KA';'14.11.23 10:06:05';'16.11.23 19:45:51';'returned';3098,2;'client returned a car.';'ANOTH'
5527;4686;'24.11.23 11:18:04';'5244690319';'DJQ5UJMJAF';'14.11.23 17:01:07';'17.11.23 11:38:09';'returned';4061,74;'client returned a car.';'ANOTH'
5465;4686;'24.11.23 11:18:04';'5244690319';'DJQ5UJMJAF';'14.11.23 17:01:07';'17.11.23 11:38:09';'rented';4061,74;'order was created.';'ANOTH'
5559;4687;'24.11.23 11:18:04';'2015120198';'VW1PG20WOG';'14.11.23 18:53:25';'19.11.23 03:36:32';'returned';5356,4;'client returned a car.';'ANOTH'
5469;4687;'24.11.23 11:18:04';'2015120198';'VW1PG20WOG';'14.11.23 18:53:25';'19.11.23 03:36:32';'rented';5356,4;'order was created.';'ANOTH'
5472;4688;'24.11.23 11:18:04';'9690628228';'JNBRPW7X8F';'14.11.23 20:59:01';'19.11.23 23:07:01';'rented';10534,2;'order was created.';'ANOTH'
5562;4688;'24.11.23 11:18:04';'9690628228';'VZOB05VTF8';'14.11.23 20:59:01';'20.11.23 23:07:01';'rented';12743,65;'client changed a car.';'ANOTH'
5531;4688;'24.11.23 11:18:04';'9690628228';'JNBRPW7X8F';'14.11.23 20:59:01';'20.11.23 23:07:01';'rented';12604,24;'client renewed a car.';'ANOTH'
5598;4688;'24.11.23 11:18:04';'9690628228';'VZOB05VTF8';'14.11.23 20:59:01';'20.11.23 23:07:01';'returned';12743,65;'client returned a car.';'ANOTH'
5481;4689;'24.11.23 11:18:04';'7170394449';'VZOB05VTF8';'15.11.23 01:10:14';'19.11.23 03:52:06';'rented';8388,89;'client changed a car.';'ANOTH'
5474;4689;'24.11.23 11:18:04';'7170394449';'PEFRVAJXQN';'15.11.23 01:10:14';'19.11.23 03:52:06';'rented';3337,55;'order was created.';'ANOTH'
5560;4689;'24.11.23 11:18:04';'7170394449';'VZOB05VTF8';'15.11.23 01:10:14';'19.11.23 03:52:06';'returned';8388,89;'client returned a car.';'ANOTH'
5516;4690;'24.11.23 11:18:04';'3898796181';'HALLI015C6';'15.11.23 01:46:51';'21.11.23 01:50:21';'returned';15657,28;'client returned a car.';'ANOTH'
5475;4690;'24.11.23 11:18:04';'3898796181';'HALLI015C6';'15.11.23 01:46:51';'21.11.23 01:50:21';'rented';15657,28;'order was created.';'ANOTH'
5624;4691;'24.11.23 11:18:04';'3885537011';'LXJWCP63S6';'15.11.23 02:32:37';'22.11.23 00:59:29';'returned';16256,1;'client returned a car.';'ANOTH'
5476;4691;'24.11.23 11:18:04';'3885537011';'8JFLQWM6CW';'15.11.23 02:32:37';'22.11.23 00:59:29';'rented';13728,83;'order was created.';'ANOTH'
5522;4691;'24.11.23 11:18:04';'3885537011';'LXJWCP63S6';'15.11.23 02:32:37';'22.11.23 00:59:29';'rented';16256,1;'client changed a car.';'ANOTH'
5483;4692;'24.11.23 11:18:04';'6220290192';'STGNFB5OAQ';'15.11.23 04:37:13';'18.11.23 19:47:22';'rented';9754,36;'client changed a car.';'ANOTH'
5477;4692;'24.11.23 11:18:04';'6220290192';'CEN248R1KF';'15.11.23 04:37:13';'18.11.23 19:47:22';'rented';8582,24;'order was created.';'ANOTH'
5548;4692;'24.11.23 11:18:04';'6220290192';'STGNFB5OAQ';'15.11.23 04:37:13';'19.11.23 19:47:22';'rented';12467,05;'client renewed a car.';'ANOTH'
5577;4692;'24.11.23 11:18:04';'6220290192';'STGNFB5OAQ';'15.11.23 04:37:13';'19.11.23 19:47:22';'returned';12467,05;'client returned a car.';'ANOTH'
5499;4693;'24.11.23 11:18:04';'3826269565';'C7SJN6DPK2';'15.11.23 09:10:34';'16.11.23 14:55:11';'rented';2637,15;'client changed a car.';'ANOTH'
5509;4693;'24.11.23 11:18:04';'3826269565';'C7SJN6DPK2';'15.11.23 09:10:34';'16.11.23 14:55:11';'returned';2637,15;'client returned a car.';'ANOTH'
5480;4693;'24.11.23 11:18:04';'3826269565';'LXJWCP63S6';'15.11.23 09:10:34';'16.11.23 14:55:11';'rented';3102,14;'order was created.';'ANOTH'
5486;4694;'24.11.23 11:18:04';'7791719572';'OULOT8IY4N';'15.11.23 13:08:37';'18.11.23 23:27:41';'rented';4788,66;'order was created.';'ANOTH'
5490;4694;'24.11.23 11:18:04';'7791719572';'OULOT8IY4N';'15.11.23 13:08:37';'19.11.23 23:27:41';'rented';6184,81;'client renewed a car.';'ANOTH'
5500;4694;'24.11.23 11:18:04';'7791719572';'OULOT8IY4N';'15.11.23 13:08:37';'19.11.23 23:27:41';'returned';6184,81;'client returned a car.';'ANOTH'
5487;4695;'24.11.23 11:18:04';'5628434739';'COLWNVEA2G';'15.11.23 13:35:27';'17.11.23 18:07:18';'rented';4886,76;'order was created.';'ANOTH'
5534;4695;'24.11.23 11:18:04';'5628434739';'COLWNVEA2G';'15.11.23 13:35:27';'17.11.23 18:07:18';'returned';4886,76;'client returned a car.';'ANOTH'
5489;4696;'24.11.23 11:18:04';'8199243700';'EMLH8ZDCIA';'15.11.23 15:44:35';'22.11.23 00:51:40';'rented';17396,63;'order was created.';'ANOTH'
5533;4696;'24.11.23 11:18:04';'8199243700';'EMLH8ZDCIA';'15.11.23 15:44:35';'23.11.23 00:51:40';'rented';20123,41;'client renewed a car.';'ANOTH'
5648;4696;'24.11.23 11:18:04';'8199243700';'EMLH8ZDCIA';'15.11.23 15:44:35';'23.11.23 00:51:40';'returned';20123,41;'client returned a car.';'ANOTH'
5491;4697;'24.11.23 11:18:04';'5101582109';'IUVENCG0Z4';'15.11.23 18:50:20';'22.11.23 16:35:12';'rented';16757,3;'order was created.';'ANOTH'
5639;4697;'24.11.23 11:18:04';'5101582109';'IUVENCG0Z4';'15.11.23 18:50:20';'22.11.23 16:35:12';'returned';16757,3;'client returned a car.';'ANOTH'
5496;4698;'24.11.23 11:18:04';'6154329440';'RI5LJDOAQ1';'15.11.23 22:19:09';'17.11.23 13:39:33';'rented';4339,07;'order was created.';'ANOTH'
5529;4698;'24.11.23 11:18:04';'6154329440';'RI5LJDOAQ1';'15.11.23 22:19:09';'17.11.23 13:39:33';'returned';4339,07;'client returned a car.';'ANOTH'
5501;4699;'24.11.23 11:18:04';'1368514808';'DQZ85AULFX';'16.11.23 03:52:03';'22.11.23 06:47:37';'rented';16886,33;'order was created.';'ANOTH'
5643;4699;'24.11.23 11:18:04';'1368514808';'DQZ85AULFX';'16.11.23 03:52:03';'23.11.23 06:47:37';'returned';19644,67;'client returned a car.';'ANOTH'
5542;4699;'24.11.23 11:18:04';'1368514808';'DQZ85AULFX';'16.11.23 03:52:03';'23.11.23 06:47:37';'rented';19644,67;'client renewed a car.';'ANOTH'
5618;4700;'24.11.23 11:18:04';'2101861846';'JTPWNEX6NA';'16.11.23 05:05:36';'23.11.23 07:30:37';'rented';13032,11;'client changed a car.';'ANOTH'
5615;4700;'24.11.23 11:18:04';'2101861846';'BOZ56GTDLR';'16.11.23 05:05:36';'23.11.23 07:30:37';'rented';14528,96;'client renewed a car.';'ANOTH'
5502;4700;'24.11.23 11:18:04';'2101861846';'BOZ56GTDLR';'16.11.23 05:05:36';'22.11.23 07:30:37';'rented';12482,83;'order was created.';'ANOTH'
5654;4700;'24.11.23 11:18:04';'2101861846';'JTPWNEX6NA';'16.11.23 05:05:36';'23.11.23 07:30:37';'returned';13032,11;'client returned a car.';'ANOTH'
5607;4701;'24.11.23 11:18:04';'4254543917';'3L70R0T3Y0';'16.11.23 06:50:57';'21.11.23 05:55:09';'returned';8293,62;'client returned a car.';'ANOTH'
5512;4701;'24.11.23 11:18:04';'4254543917';'3L70R0T3Y0';'16.11.23 06:50:57';'21.11.23 05:55:09';'rented';8293,62;'client renewed a car.';'ANOTH'
5503;4701;'24.11.23 11:18:04';'4254543917';'3L70R0T3Y0';'16.11.23 06:50:57';'20.11.23 05:55:09';'rented';6621,94;'order was created.';'ANOTH'
5504;4702;'24.11.23 11:18:04';'2356860821';'IXZ2GTP78X';'16.11.23 07:17:20';'19.11.23 03:26:29';'rented';2811,3;'order was created.';'ANOTH'
5561;4702;'24.11.23 11:18:04';'2356860821';'IXZ2GTP78X';'16.11.23 07:17:20';'19.11.23 03:26:29';'returned';2811,3;'client returned a car.';'ANOTH'
5655;4703;'24.11.23 11:18:04';'5067475694';'5GWT9JZDLW';'16.11.23 10:05:32';'23.11.23 08:21:02';'returned';17433,16;'client returned a car.';'ANOTH'
5616;4703;'24.11.23 11:18:04';'5067475694';'5GWT9JZDLW';'16.11.23 10:05:32';'23.11.23 08:21:02';'rented';17433,16;'client renewed a car.';'ANOTH'
5505;4703;'24.11.23 11:18:04';'5067475694';'5GWT9JZDLW';'16.11.23 10:05:32';'22.11.23 08:21:02';'rented';14916,62;'order was created.';'ANOTH'
5523;4704;'24.11.23 11:18:04';'4908697342';'KAT4M0R932';'16.11.23 15:33:02';'24.11.23 05:52:42';'rented';10348,77;'client renewed a car.';'ANOTH'
5673;4704;'24.11.23 11:18:04';'4908697342';'KAT4M0R932';'16.11.23 15:33:02';'24.11.23 05:52:42';'returned';10348,77;'client returned a car.';'ANOTH'
5508;4704;'24.11.23 11:18:04';'4908697342';'KAT4M0R932';'16.11.23 15:33:02';'23.11.23 05:52:42';'rented';8986,55;'order was created.';'ANOTH'
5526;4705;'24.11.23 11:18:04';'7846818259';'DWRCTHKUWK';'16.11.23 16:24:58';'22.11.23 08:06:00';'rented';15069;'client renewed a car.';'ANOTH'
5510;4705;'24.11.23 11:18:04';'7846818259';'DWRCTHKUWK';'16.11.23 16:24:58';'21.11.23 08:06:00';'rented';12403,57;'order was created.';'ANOTH'
5630;4705;'24.11.23 11:18:04';'7846818259';'DWRCTHKUWK';'16.11.23 16:24:58';'22.11.23 08:06:00';'returned';15069;'client returned a car.';'ANOTH'
5535;4706;'24.11.23 11:18:04';'6440288173';'KU53ZQBSHV';'16.11.23 20:22:32';'23.11.23 11:40:24';'rented';15794,3;'client changed a car.';'ANOTH'
5659;4706;'24.11.23 11:18:04';'6440288173';'KU53ZQBSHV';'16.11.23 20:22:32';'23.11.23 11:40:24';'returned';15794,3;'client returned a car.';'ANOTH'
5513;4706;'24.11.23 11:18:04';'6440288173';'8NF6TD5TM7';'16.11.23 20:22:32';'23.11.23 11:40:24';'rented';14725,48;'order was created.';'ANOTH'
5614;4707;'24.11.23 11:18:04';'3008101075';'R3NO6XE7BO';'16.11.23 23:23:19';'21.11.23 16:39:45';'returned';12046,57;'client returned a car.';'ANOTH'
5518;4707;'24.11.23 11:18:04';'3008101075';'R3NO6XE7BO';'16.11.23 23:23:19';'21.11.23 16:39:45';'rented';12046,57;'order was created.';'ANOTH'
5519;4708;'24.11.23 11:18:04';'7675919362';'BKZWU27BUN';'17.11.23 00:16:20';'21.11.23 18:55:31';'rented';12445,79;'order was created.';'ANOTH'
5566;4708;'24.11.23 11:18:04';'7675919362';'BKZWU27BUN';'17.11.23 00:16:20';'22.11.23 18:55:31';'rented';15051,03;'client renewed a car.';'ANOTH'
5642;4708;'24.11.23 11:18:04';'7675919362';'BKZWU27BUN';'17.11.23 00:16:20';'22.11.23 18:55:31';'returned';15051,03;'client returned a car.';'ANOTH'
5635;4709;'24.11.23 11:18:04';'5671279028';'CEN248R1KF';'17.11.23 02:35:52';'23.11.23 15:08:43';'returned';15412,87;'client returned a car.';'ANOTH'
5520;4709;'24.11.23 11:18:04';'5671279028';'CEN248R1KF';'17.11.23 02:35:52';'23.11.23 15:08:43';'rented';15412,87;'order was created.';'ANOTH'
5524;4710;'24.11.23 11:18:04';'9307198526';'L8OO5K9M6A';'17.11.23 07:59:21';'19.11.23 06:26:18';'rented';4107,57;'order was created.';'ANOTH'
5565;4710;'24.11.23 11:18:04';'9307198526';'L8OO5K9M6A';'17.11.23 07:59:21';'19.11.23 06:26:18';'returned';4107,57;'client returned a car.';'ANOTH'
5547;4711;'24.11.23 11:18:04';'5067734724';'AX5HNZZBCY';'17.11.23 10:07:43';'22.11.23 23:00:17';'rented';12918,81;'client renewed a car.';'ANOTH'
5525;4711;'24.11.23 11:18:04';'5067734724';'AX5HNZZBCY';'17.11.23 10:07:43';'21.11.23 23:00:17';'rented';10585,42;'order was created.';'ANOTH'
5646;4711;'24.11.23 11:18:04';'5067734724';'AX5HNZZBCY';'17.11.23 10:07:43';'22.11.23 23:00:17';'returned';12918,81;'client returned a car.';'ANOTH'
5528;4712;'24.11.23 11:18:04';'5244690319';'V5SW80UEXC';'17.11.23 13:55:20';'24.11.23 08:43:38';'rented';18326,56;'order was created.';'ANOTH'
5594;4712;'24.11.23 11:18:04';'5244690319';'V5SW80UEXC';'17.11.23 13:55:20';'24.11.23 08:43:38';'returned';18326,56;'client returned a car.';'ANOTH'
5530;4713;'24.11.23 11:18:04';'5193647156';'D3B88KL4Z9';'17.11.23 14:57:36';'19.11.23 21:41:00';'rented';3980,58;'order was created.';'ANOTH'
5580;4713;'24.11.23 11:18:04';'5193647156';'D3B88KL4Z9';'17.11.23 14:57:36';'19.11.23 21:41:00';'returned';3980,58;'client returned a car.';'ANOTH'
5632;4714;'24.11.23 11:18:04';'8843163468';'290J01JF3W';'17.11.23 23:10:52';'22.11.23 09:08:13';'returned';8306,46;'client returned a car.';'ANOTH'
5575;4714;'24.11.23 11:18:04';'8843163468';'ZD81Y0APUY';'17.11.23 23:10:52';'22.11.23 09:08:13';'rented';9807,37;'client changed a car.';'ANOTH'
5593;4714;'24.11.23 11:18:04';'8843163468';'290J01JF3W';'17.11.23 23:10:52';'22.11.23 09:08:13';'rented';8306,46;'client changed a car.';'ANOTH'
5536;4714;'24.11.23 11:18:04';'8843163468';'2A9957I3CK';'17.11.23 23:10:52';'22.11.23 09:08:13';'rented';8785,36;'order was created.';'ANOTH'
5545;4714;'24.11.23 11:18:04';'8843163468';'1CKXD99MZO';'17.11.23 23:10:52';'22.11.23 09:08:13';'rented';7594,06;'client changed a car.';'ANOTH'
5538;4715;'24.11.23 11:18:04';'2777081145';'IMQC9WDZFA';'18.11.23 01:21:24';'24.11.23 16:20:01';'rented';16196,36;'order was created.';'ANOTH'
5650;4715;'24.11.23 11:18:04';'2777081145';'FUWMKFQZJZ';'18.11.23 01:21:24';'25.11.23 16:20:01';'rented';19421,82;'client renewed a car.';'ANOTH'
5620;4715;'24.11.23 11:18:04';'2777081145';'FUWMKFQZJZ';'18.11.23 01:21:24';'24.11.23 16:20:01';'rented';16770,55;'client changed a car.';'ANOTH'
5539;4716;'24.11.23 11:18:04';'8475575954';'OULOT8IY4N';'18.11.23 03:56:26';'19.11.23 07:30:52';'rented';1604,05;'order was created.';'ANOTH'
5568;4716;'24.11.23 11:18:04';'8475575954';'OULOT8IY4N';'18.11.23 03:56:26';'19.11.23 07:30:52';'returned';1604,05;'client returned a car.';'ANOTH'
5541;4717;'24.11.23 11:18:04';'3898796181';'9ZBNZ3N6CK';'18.11.23 08:18:44';'23.11.23 06:07:56';'rented';7564,92;'order was created.';'ANOTH'
5645;4717;'24.11.23 11:18:04';'3898796181';'9ZBNZ3N6CK';'18.11.23 08:18:44';'23.11.23 06:07:56';'returned';7564,92;'client returned a car.';'ANOTH'
5610;4718;'24.11.23 11:18:04';'5401346885';'XOHQKBLE1O';'18.11.23 11:44:44';'22.11.23 03:34:19';'returned';9580,57;'client returned a car.';'ANOTH'
5543;4718;'24.11.23 11:18:04';'5401346885';'XOHQKBLE1O';'18.11.23 11:44:44';'22.11.23 03:34:19';'rented';9580,57;'order was created.';'ANOTH'
5546;4719;'24.11.23 11:18:04';'5943253499';'ZPM0TH6DPB';'18.11.23 14:36:15';'21.11.23 19:28:49';'rented';7393,83;'order was created.';'ANOTH'
5617;4719;'24.11.23 11:18:04';'5943253499';'ZPM0TH6DPB';'18.11.23 14:36:15';'21.11.23 19:28:49';'returned';7393,83;'client returned a car.';'ANOTH'
5644;4720;'24.11.23 11:18:04';'9643290090';'4YYFVI2R9B';'18.11.23 20:14:27';'22.11.23 21:49:50';'returned';4043,72;'client returned a car.';'ANOTH'
5549;4720;'24.11.23 11:18:04';'9643290090';'4YYFVI2R9B';'18.11.23 20:14:27';'22.11.23 21:49:50';'rented';4043,72;'order was created.';'ANOTH'
5552;4721;'24.11.23 11:18:04';'1115322853';'RI5LJDOAQ1';'18.11.23 23:56:59';'21.11.23 03:51:57';'rented';5726,16;'order was created.';'ANOTH'
5603;4721;'24.11.23 11:18:04';'1115322853';'RI5LJDOAQ1';'18.11.23 23:56:59';'21.11.23 03:51:57';'returned';5726,16;'client returned a car.';'ANOTH'
5555;4722;'24.11.23 11:18:04';'3085836878';'9640XOEI93';'19.11.23 02:45:38';'25.11.23 18:47:40';'rented';13584,13;'order was created.';'ANOTH'
5621;4723;'24.11.23 11:18:04';'9854001674';'WTAAPUTANR';'19.11.23 03:21:37';'21.11.23 20:59:04';'returned';5045,29;'client returned a car.';'ANOTH'
5557;4723;'24.11.23 11:18:04';'9854001674';'WTAAPUTANR';'19.11.23 03:21:37';'21.11.23 20:59:04';'rented';5045,29;'order was created.';'ANOTH'
5606;4724;'24.11.23 11:18:04';'3100402716';'XTWKDWIOYS';'19.11.23 04:22:50';'23.11.23 12:03:51';'rented';7729,57;'client changed a car.';'ANOTH'
5558;4724;'24.11.23 11:18:04';'3100402716';'54X1XLB8VT';'19.11.23 04:22:50';'23.11.23 12:03:51';'rented';7194;'order was created.';'ANOTH'
5660;4724;'24.11.23 11:18:04';'3100402716';'XTWKDWIOYS';'19.11.23 04:22:50';'23.11.23 12:03:51';'returned';7729,57;'client returned a car.';'ANOTH'
5596;4725;'24.11.23 11:18:04';'1827969981';'FUWMKFQZJZ';'19.11.23 08:49:43';'20.11.23 20:51:24';'returned';3979,99;'client returned a car.';'ANOTH'
5569;4725;'24.11.23 11:18:04';'1827969981';'FUWMKFQZJZ';'19.11.23 08:49:43';'20.11.23 20:51:24';'rented';3979,99;'order was created.';'ANOTH'
5628;4726;'24.11.23 11:18:04';'2015120198';'9E0XO1CD3C';'19.11.23 15:06:08';'23.11.23 10:41:25';'rented';3062,74;'client renewed a car.';'ANOTH'
5574;4726;'24.11.23 11:18:04';'2015120198';'9E0XO1CD3C';'19.11.23 15:06:08';'22.11.23 10:41:25';'rented';2260,17;'order was created.';'ANOTH'
5657;4726;'24.11.23 11:18:04';'2015120198';'9E0XO1CD3C';'19.11.23 15:06:08';'23.11.23 10:41:25';'returned';3062,74;'client returned a car.';'ANOTH'
5576;4727;'24.11.23 11:18:04';'9633258077';'41M9WECI3N';'19.11.23 20:06:55';'22.11.23 01:49:07';'rented';2593,76;'order was created.';'ANOTH'
5626;4727;'24.11.23 11:18:04';'9633258077';'41M9WECI3N';'19.11.23 20:06:55';'22.11.23 01:49:07';'returned';2593,76;'client returned a car.';'ANOTH'
5672;4728;'24.11.23 11:18:04';'2148375822';'YUW6U6UH1F';'19.11.23 20:38:26';'25.11.23 14:33:47';'rented';5799,35;'client renewed a car.';'ANOTH'
5578;4728;'24.11.23 11:18:04';'2148375822';'YUW6U6UH1F';'19.11.23 20:38:26';'23.11.23 14:33:47';'rented';3781,05;'order was created.';'ANOTH'
5613;4728;'24.11.23 11:18:04';'2148375822';'YUW6U6UH1F';'19.11.23 20:38:26';'24.11.23 14:33:47';'rented';4790,2;'client renewed a car.';'ANOTH'
5599;4729;'24.11.23 11:18:04';'4941134487';'XTWKDWIOYS';'19.11.23 22:50:39';'21.11.23 00:27:58';'returned';2040,67;'client returned a car.';'ANOTH'
5579;4729;'24.11.23 11:18:04';'4941134487';'XTWKDWIOYS';'19.11.23 22:50:39';'21.11.23 00:27:58';'rented';2040,67;'order was created.';'ANOTH'
5581;4730;'24.11.23 11:18:04';'7901136300';'35WZ07A6HB';'20.11.23 00:26:27';'24.11.23 17:15:40';'rented';3772,29;'order was created.';'ANOTH'
5587;4730;'24.11.23 11:18:04';'7901136300';'35WZ07A6HB';'20.11.23 00:26:27';'25.11.23 17:15:40';'rented';4574,76;'client renewed a car.';'ANOTH'
5625;4730;'24.11.23 11:18:04';'7901136300';'35WZ07A6HB';'20.11.23 00:26:27';'25.11.23 17:15:40';'returned';4574,76;'client returned a car.';'ANOTH'
5583;4731;'24.11.23 11:18:04';'8041187895';'GQE85X2HNR';'20.11.23 03:11:58';'25.11.23 20:32:24';'rented';5078,8;'order was created.';'ANOTH'
5623;4732;'24.11.23 11:18:04';'2593304943';'JNBRPW7X8F';'20.11.23 04:40:45';'23.11.23 19:46:27';'returned';7512,09;'client returned a car.';'ANOTH'
5584;4732;'24.11.23 11:18:04';'2593304943';'JNBRPW7X8F';'20.11.23 04:40:45';'23.11.23 19:46:27';'rented';7512,09;'order was created.';'ANOTH'
5597;4733;'24.11.23 11:18:04';'7248563181';'5E0YUYHO11';'20.11.23 07:26:40';'27.11.23 16:22:35';'rented';16249,05;'client renewed a car.';'ANOTH'
5585;4733;'24.11.23 11:18:04';'7248563181';'5E0YUYHO11';'20.11.23 07:26:40';'26.11.23 16:22:35';'rented';14044,94;'order was created.';'ANOTH'
5611;4734;'24.11.23 11:18:04';'1581153844';'COLWNVEA2G';'20.11.23 11:08:14';'26.11.23 09:34:26';'rented';13041,33;'client renewed a car.';'ANOTH'
5589;4734;'24.11.23 11:18:04';'1581153844';'3E7XGWQ3KA';'20.11.23 11:08:14';'25.11.23 09:34:26';'rented';6363,56;'order was created.';'ANOTH'
5592;4734;'24.11.23 11:18:04';'1581153844';'COLWNVEA2G';'20.11.23 11:08:14';'25.11.23 09:34:26';'rented';10808,69;'client changed a car.';'ANOTH'
5590;4735;'24.11.23 11:18:04';'2319736127';'5HT6B4682R';'20.11.23 14:02:52';'27.11.23 03:09:46';'rented';12784,44;'order was created.';'ANOTH'
5595;4736;'24.11.23 11:18:04';'6501324945';'3E7XGWQ3KA';'20.11.23 22:35:40';'27.11.23 01:42:52';'rented';7904,7;'order was created.';'ANOTH'
5669;4736;'24.11.23 11:18:04';'6501324945';'3E7XGWQ3KA';'20.11.23 22:35:40';'27.11.23 01:42:52';'returned';7904,7;'client returned a car.';'ANOTH'
5600;4737;'24.11.23 11:18:04';'6722121469';'IXZ2GTP78X';'21.11.23 03:44:39';'26.11.23 12:22:33';'rented';5306,05;'order was created.';'ANOTH'
5637;4737;'24.11.23 11:18:04';'6722121469';'IXZ2GTP78X';'21.11.23 03:44:39';'27.11.23 12:22:33';'rented';6296,05;'client renewed a car.';'ANOTH'
5633;4738;'24.11.23 11:18:04';'5217740412';'8KSHYKI335';'21.11.23 04:13:49';'22.11.23 09:44:57';'returned';2323,34;'client returned a car.';'ANOTH'
5602;4738;'24.11.23 11:18:04';'5217740412';'8KSHYKI335';'21.11.23 04:13:49';'22.11.23 09:44:57';'rented';2323,34;'order was created.';'ANOTH'
5604;4739;'24.11.23 11:18:04';'1115322853';'GMN3JSMBYN';'21.11.23 04:38:25';'22.11.23 17:54:56';'rented';2840,03;'order was created.';'ANOTH'
5605;4739;'24.11.23 11:18:04';'1115322853';'2A9957I3CK';'21.11.23 04:38:25';'22.11.23 17:54:56';'rented';3087,35;'client changed a car.';'ANOTH'
5640;4739;'24.11.23 11:18:04';'1115322853';'2A9957I3CK';'21.11.23 04:38:25';'22.11.23 17:54:56';'returned';3087,35;'client returned a car.';'ANOTH'
5608;4740;'24.11.23 11:18:04';'5244690319';'RI5LJDOAQ1';'21.11.23 09:58:23';'24.11.23 09:13:18';'rented';7858,45;'order was created.';'ANOTH'
5661;4740;'24.11.23 11:18:04';'5244690319';'RI5LJDOAQ1';'21.11.23 09:58:23';'25.11.23 09:13:18';'rented';10505,56;'client renewed a car.';'ANOTH'
5609;4741;'24.11.23 11:18:04';'2051154297';'GHXXGVSL7E';'21.11.23 10:10:42';'27.11.23 03:48:23';'rented';9040,55;'order was created.';'ANOTH'
5612;4741;'24.11.23 11:18:04';'2051154297';'GHXXGVSL7E';'21.11.23 10:10:42';'28.11.23 03:48:23';'rented';10617,07;'client renewed a car.';'ANOTH'
5619;4742;'24.11.23 11:18:04';'1152069998';'3QCBS5XF9V';'21.11.23 20:58:31';'25.11.23 17:15:22';'rented';11522,56;'order was created.';'ANOTH'
5622;4743;'24.11.23 11:18:04';'7431416574';'C0MSW5UPS9';'21.11.23 23:16:31';'26.11.23 07:50:07';'rented';10119,1;'order was created.';'ANOTH'
5634;4743;'24.11.23 11:18:04';'7431416574';'C0MSW5UPS9';'21.11.23 23:16:31';'27.11.23 07:50:07';'rented';12441,77;'client renewed a car.';'ANOTH'
5627;4744;'24.11.23 11:18:04';'1738598583';'8NF6TD5TM7';'22.11.23 05:21:52';'29.11.23 04:34:54';'rented';15457,57;'order was created.';'ANOTH'
5629;4745;'24.11.23 11:18:04';'7170394449';'6GVM51DP35';'22.11.23 08:17:37';'26.11.23 18:13:54';'rented';12048,16;'order was created.';'ANOTH'
5631;4746;'24.11.23 11:18:04';'7116507341';'9M0BGVZT23';'22.11.23 10:44:36';'26.11.23 03:24:52';'rented';5633,97;'order was created.';'ANOTH'
5636;4747;'24.11.23 11:18:04';'5217740412';'J53C6QU2O1';'22.11.23 14:16:37';'25.11.23 01:10:41';'rented';4663,91;'order was created.';'ANOTH'
5638;4748;'24.11.23 11:18:04';'6475640971';'GCGMKJZO1V';'22.11.23 18:09:41';'29.11.23 08:26:55';'rented';15954,37;'order was created.';'ANOTH'
5641;4749;'24.11.23 11:18:04';'3008101075';'3L70R0T3Y0';'22.11.23 20:49:17';'26.11.23 22:17:19';'rented';6788,92;'order was created.';'ANOTH'
5670;4750;'24.11.23 11:18:04';'9633258077';'ZIPMCFV6HT';'23.11.23 00:56:11';'24.11.23 02:05:58';'returned';2045,88;'client returned a car.';'ANOTH'
5647;4750;'24.11.23 11:18:04';'9633258077';'ZIPMCFV6HT';'23.11.23 00:56:11';'24.11.23 02:05:58';'rented';2045,88;'order was created.';'ANOTH'
5649;4751;'24.11.23 11:18:04';'5193647156';'4XEV64RI8V';'23.11.23 01:46:21';'25.11.23 10:52:09';'rented';4518,67;'order was created.';'ANOTH'
5651;4752;'24.11.23 11:18:04';'9643290090';'DWRCTHKUWK';'23.11.23 05:49:41';'28.11.23 16:27:52';'rented';14508,44;'order was created.';'ANOTH'
5652;4753;'24.11.23 11:18:04';'1102731227';'CONZKRWM9F';'23.11.23 06:31:10';'27.11.23 02:12:18';'rented';8070,35;'order was created.';'ANOTH'
5653;4754;'24.11.23 11:18:04';'4941134487';'2PZWA43HRW';'23.11.23 09:10:40';'24.11.23 12:51:56';'rented';1549,47;'order was created.';'ANOTH'
5656;4755;'24.11.23 11:18:04';'8177238241';'9ZBNZ3N6CK';'23.11.23 11:39:46';'25.11.23 16:56:49';'rented';3421,25;'order was created.';'ANOTH'
5662;4755;'24.11.23 11:18:04';'8177238241';'9ZBNZ3N6CK';'23.11.23 11:39:46';'26.11.23 16:56:49';'rented';4962,23;'client renewed a car.';'ANOTH'
5658;4756;'24.11.23 11:18:04';'7901136300';'TU7NA1K2VC';'23.11.23 14:13:27';'27.11.23 04:27:35';'rented';9059,43;'order was created.';'ANOTH'
5663;4757;'24.11.23 11:18:04';'7423278445';'Y2QR98GL7P';'23.11.23 18:22:45';'27.11.23 03:34:56';'rented';7725,39;'order was created.';'ANOTH'
5664;4758;'24.11.23 11:18:04';'5101582109';'1CKXD99MZO';'23.11.23 20:13:38';'30.11.23 09:05:53';'rented';10973,3;'order was created.';'ANOTH'
5668;4758;'24.11.23 11:18:04';'5101582109';'1CKXD99MZO';'23.11.23 20:13:38';'01.12.23 09:05:53';'rented';12652,13;'client renewed a car.';'ANOTH'
5665;4759;'24.11.23 11:18:04';'2732293253';'AQ0PQ2DBUO';'23.11.23 20:59:07';'29.11.23 17:59:47';'rented';15911,28;'order was created.';'ANOTH'
5666;4760;'24.11.23 11:18:04';'6220290192';'BKZWU27BUN';'23.11.23 22:38:45';'27.11.23 00:05:59';'rented';7973,55;'order was created.';'ANOTH'
5667;4761;'24.11.23 11:18:04';'7675919362';'QZAA1V0520';'23.11.23 23:17:20';'27.11.23 02:21:01';'rented';7066,7;'order was created.';'ANOTH'
5671;4762;'24.11.23 11:18:04';'8571109137';'W7VN003WB9';'24.11.23 05:23:03';'29.11.23 22:21:56';'rented';7733,51;'order was created.';'ANOTH'
5674;4763;'24.11.23 11:18:04';'1827969981';'9E0XO1CD3C';'24.11.23 09:05:00';'27.11.23 08:14:28';'rented';2379,54;'order was created.';'ANOTH'
5675;4764;'24.11.23 11:18:04';'6154329440';'54X1XLB8VT';'24.11.23 11:59:09';'29.11.23 13:24:37';'rented';8424,93;'order was created.';'ANOTH'
